2026-07-17T00:21:09.666+05:30  INFO 5512 --- [PRODUCT-SERVICE] [SpringApplicationShutdownHook] o.s.c.n.e.s.EurekaServiceRegistry        : Unregistering application PRODUCT-SERVICE with eureka with status DOWN
2026-07-17T00:21:09.673+05:30  INFO 5512 --- [PRODUCT-SERVICE] [SpringApplicationShutdownHook] o.s.b.w.e.tomcat.GracefulShutdown        : Commencing graceful shutdown. Waiting for active requests to complete
2026-07-17T00:21:09.758+05:30  INFO 5512 --- [PRODUCT-SERVICE] [tomcat-shutdown] o.s.b.w.e.tomcat.GracefulShutdown        : Graceful shutdown complete
2026-07-17T00:21:28.808+05:30  INFO 16276 --- [PRODUCT-SERVICE] [main] .s.d.r.c.RepositoryConfigurationDelegate : Multiple Spring Data modules found, entering strict repository configuration mode
2026-07-17T00:21:28.819+05:30  INFO 16276 --- [PRODUCT-SERVICE] [main] .s.d.r.c.RepositoryConfigurationDelegate : Bootstrapping Spring Data MongoDB repositories in DEFAULT mode.
2026-07-17T00:21:28.911+05:30  INFO 16276 --- [PRODUCT-SERVICE] [main] .s.d.r.c.RepositoryConfigurationDelegate : Finished Spring Data repository scanning in 87 ms. Found 1 MongoDB repository interface.
2026-07-17T00:21:29.197+05:30  INFO 16276 --- [PRODUCT-SERVICE] [main] .s.d.r.c.RepositoryConfigurationDelegate : Multiple Spring Data modules found, entering strict repository configuration mode
2026-07-17T00:21:29.198+05:30  INFO 16276 --- [PRODUCT-SERVICE] [main] .s.d.r.c.RepositoryConfigurationDelegate : Bootstrapping Spring Data Redis repositories in DEFAULT mode.
2026-07-17T00:21:29.213+05:30  INFO 16276 --- [PRODUCT-SERVICE] [main] .RepositoryConfigurationExtensionSupport : Spring Data Redis - Could not safely identify store assignment for repository candidate interface com.skt.product_service.repository.ProductRepository; If you want this repository to be a Redis repository, consider annotating your entities with one of these annotations: org.springframework.data.redis.core.RedisHash (preferred), or consider extending one of the following types with your repository: org.springframework.data.keyvalue.repository.KeyValueRepository
2026-07-17T00:21:29.214+05:30  INFO 16276 --- [PRODUCT-SERVICE] [main] .s.d.r.c.RepositoryConfigurationDelegate : Finished Spring Data repository scanning in 8 ms. Found 0 Redis repository interfaces.
2026-07-17T00:21:29.435+05:30  INFO 16276 --- [PRODUCT-SERVICE] [main] o.s.cloud.context.scope.GenericScope     : BeanFactory id=50d3d052-86bc-3eee-a6f7-4cb61040d271
2026-07-17T00:21:29.740+05:30  INFO 16276 --- [PRODUCT-SERVICE] [main] o.s.b.w.embedded.tomcat.TomcatWebServer  : Tomcat initialized with port 0 (http)
2026-07-17T00:21:29.816+05:30  INFO 16276 --- [PRODUCT-SERVICE] [main] w.s.c.ServletWebServerApplicationContext : Root WebApplicationContext: initialization completed in 1462 ms
2026-07-17T00:21:33.067+05:30  INFO 16276 --- [PRODUCT-SERVICE] [main] o.s.v.b.OptionalValidatorFactoryBean     : Failed to set up a Bean Validation provider: jakarta.validation.NoProviderFoundException: Unable to create a Configuration, because no Jakarta Bean Validation provider could be found. Add a provider like Hibernate Validator (RI) to your classpath.
2026-07-17T00:21:34.029+05:30  INFO 16276 --- [PRODUCT-SERVICE] [main] DiscoveryClientOptionalArgsConfiguration : Eureka HTTP Client uses RestTemplate.
2026-07-17T00:21:34.069+05:30  WARN 16276 --- [PRODUCT-SERVICE] [main] iguration$LoadBalancerCaffeineWarnLogger : Spring Cloud LoadBalancer is currently working with the default cache. While this cache implementation is useful for development and tests, it's recommended to use Caffeine cache in production.You can switch to using Caffeine cache, by adding it and org.springframework.cache.caffeine.CaffeineCacheManager to the classpath.
2026-07-17T00:21:34.263+05:30  INFO 16276 --- [PRODUCT-SERVICE] [main] o.s.b.w.embedded.tomcat.TomcatWebServer  : Tomcat started on port 49864 (http) with context path '/'
2026-07-17T00:21:34.266+05:30  INFO 16276 --- [PRODUCT-SERVICE] [main] .s.c.n.e.s.EurekaAutoServiceRegistration : Updating port to 49864
2026-07-17T00:21:34.270+05:30  INFO 16276 --- [PRODUCT-SERVICE] [main] o.s.c.n.eureka.InstanceInfoFactory       : Setting initial instance status as: STARTING
2026-07-17T00:21:34.495+05:30  INFO 16276 --- [PRODUCT-SERVICE] [main] o.s.c.n.e.s.EurekaServiceRegistry        : Registering application PRODUCT-SERVICE with eureka with status UP
2026-07-17T00:21:35.892+05:30  INFO 16276 --- [PRODUCT-SERVICE] [http-nio-auto-1-exec-1] o.s.web.servlet.DispatcherServlet        : Initializing Servlet 'dispatcherServlet'
2026-07-17T00:21:35.894+05:30  INFO 16276 --- [PRODUCT-SERVICE] [http-nio-auto-1-exec-1] o.s.web.servlet.DispatcherServlet        : Completed initialization in 1 ms
2026-07-17T00:21:36.051+05:30  INFO 16276 --- [PRODUCT-SERVICE] [SpringApplicationShutdownHook] o.s.c.n.e.s.EurekaServiceRegistry        : Unregistering application PRODUCT-SERVICE with eureka with status DOWN
2026-07-17T00:21:36.054+05:30  INFO 16276 --- [PRODUCT-SERVICE] [SpringApplicationShutdownHook] o.s.b.w.e.tomcat.GracefulShutdown        : Commencing graceful shutdown. Waiting for active requests to complete
2026-07-17T00:21:36.151+05:30  INFO 16276 --- [PRODUCT-SERVICE] [tomcat-shutdown] o.s.b.w.e.tomcat.GracefulShutdown        : Graceful shutdown complete
2026-07-17T00:21:51.166+05:30  INFO 25556 --- [PRODUCT-SERVICE] [main] .s.d.r.c.RepositoryConfigurationDelegate : Multiple Spring Data modules found, entering strict repository configuration mode
2026-07-17T00:21:51.167+05:30  INFO 25556 --- [PRODUCT-SERVICE] [main] .s.d.r.c.RepositoryConfigurationDelegate : Bootstrapping Spring Data MongoDB repositories in DEFAULT mode.
2026-07-17T00:21:51.254+05:30  INFO 25556 --- [PRODUCT-SERVICE] [main] .s.d.r.c.RepositoryConfigurationDelegate : Finished Spring Data repository scanning in 81 ms. Found 1 MongoDB repository interface.
2026-07-17T00:21:51.440+05:30  INFO 25556 --- [PRODUCT-SERVICE] [main] .s.d.r.c.RepositoryConfigurationDelegate : Multiple Spring Data modules found, entering strict repository configuration mode
2026-07-17T00:21:51.442+05:30  INFO 25556 --- [PRODUCT-SERVICE] [main] .s.d.r.c.RepositoryConfigurationDelegate : Bootstrapping Spring Data Redis repositories in DEFAULT mode.
2026-07-17T00:21:51.469+05:30  INFO 25556 --- [PRODUCT-SERVICE] [main] .RepositoryConfigurationExtensionSupport : Spring Data Redis - Could not safely identify store assignment for repository candidate interface com.skt.product_service.repository.ProductRepository; If you want this repository to be a Redis repository, consider annotating your entities with one of these annotations: org.springframework.data.redis.core.RedisHash (preferred), or consider extending one of the following types with your repository: org.springframework.data.keyvalue.repository.KeyValueRepository
2026-07-17T00:21:51.469+05:30  INFO 25556 --- [PRODUCT-SERVICE] [main] .s.d.r.c.RepositoryConfigurationDelegate : Finished Spring Data repository scanning in 19 ms. Found 0 Redis repository interfaces.
2026-07-17T00:21:51.638+05:30  INFO 25556 --- [PRODUCT-SERVICE] [main] o.s.cloud.context.scope.GenericScope     : BeanFactory id=0d5833fb-b5b0-3973-9c79-6d64c81c838c
2026-07-17T00:21:51.880+05:30  INFO 25556 --- [PRODUCT-SERVICE] [main] o.s.b.w.embedded.tomcat.TomcatWebServer  : Tomcat initialized with port 8080 (http)
2026-07-17T00:21:51.938+05:30  INFO 25556 --- [PRODUCT-SERVICE] [main] w.s.c.ServletWebServerApplicationContext : Root WebApplicationContext: initialization completed in 1211 ms
2026-07-17T00:21:52.551+05:30  INFO 25556 --- [PRODUCT-SERVICE] [main] o.s.v.b.OptionalValidatorFactoryBean     : Failed to set up a Bean Validation provider: jakarta.validation.NoProviderFoundException: Unable to create a Configuration, because no Jakarta Bean Validation provider could be found. Add a provider like Hibernate Validator (RI) to your classpath.
2026-07-17T00:21:53.231+05:30  INFO 25556 --- [PRODUCT-SERVICE] [main] DiscoveryClientOptionalArgsConfiguration : Eureka HTTP Client uses RestTemplate.
2026-07-17T00:21:53.253+05:30  WARN 25556 --- [PRODUCT-SERVICE] [main] iguration$LoadBalancerCaffeineWarnLogger : Spring Cloud LoadBalancer is currently working with the default cache. While this cache implementation is useful for development and tests, it's recommended to use Caffeine cache in production.You can switch to using Caffeine cache, by adding it and org.springframework.cache.caffeine.CaffeineCacheManager to the classpath.
2026-07-17T00:21:53.272+05:30  INFO 25556 --- [PRODUCT-SERVICE] [main] o.s.c.n.eureka.InstanceInfoFactory       : Setting initial instance status as: STARTING
2026-07-17T00:21:53.561+05:30  INFO 25556 --- [PRODUCT-SERVICE] [main] o.s.c.n.e.s.EurekaServiceRegistry        : Registering application PRODUCT-SERVICE with eureka with status UP
2026-07-17T00:21:53.585+05:30  INFO 25556 --- [PRODUCT-SERVICE] [main] o.s.b.w.embedded.tomcat.TomcatWebServer  : Tomcat started on port 8080 (http) with context path '/'
2026-07-17T00:21:53.586+05:30  INFO 25556 --- [PRODUCT-SERVICE] [main] .s.c.n.e.s.EurekaAutoServiceRegistration : Updating port to 8080
2026-07-17T00:22:17.985+05:30  INFO 25556 --- [PRODUCT-SERVICE] [http-nio-8080-exec-1] o.s.web.servlet.DispatcherServlet        : Initializing Servlet 'dispatcherServlet'
2026-07-17T00:22:17.987+05:30  INFO 25556 --- [PRODUCT-SERVICE] [http-nio-8080-exec-1] o.s.web.servlet.DispatcherServlet        : Completed initialization in 2 ms
2026-07-17T00:22:18.374+05:30 ERROR 25556 --- [PRODUCT-SERVICE] [http-nio-8080-exec-1] o.a.c.c.C.[.[.[/].[dispatcherServlet]    : Servlet.service() for servlet [dispatcherServlet] in context with path [] threw exception [Request processing failed: org.springframework.data.redis.serializer.SerializationException: Could not read JSON:Cannot construct instance of `com.skt.product_service.dto.ProductResponse` (no Creators, like default constructor, exist): abstract types either need to be mapped to concrete types, have custom deserializer, or contain additional type information
 at [Source: REDACTED (`StreamReadFeature.INCLUDE_SOURCE_IN_LOCATION` disabled); line: 1, column: 57] ] with root cause

com.fasterxml.jackson.databind.exc.InvalidDefinitionException: Cannot construct instance of `com.skt.product_service.dto.ProductResponse` (no Creators, like default constructor, exist): abstract types either need to be mapped to concrete types, have custom deserializer, or contain additional type information
 at [Source: REDACTED (`StreamReadFeature.INCLUDE_SOURCE_IN_LOCATION` disabled); line: 1, column: 57]
	at com.fasterxml.jackson.databind.exc.InvalidDefinitionException.from(InvalidDefinitionException.java:67) ~[jackson-databind-2.21.4.jar:2.21.4]
	at com.fasterxml.jackson.databind.DeserializationContext.reportBadDefinition(DeserializationContext.java:1935) ~[jackson-databind-2.21.4.jar:2.21.4]
	at com.fasterxml.jackson.databind.DatabindContext.reportBadDefinition(DatabindContext.java:481) ~[jackson-databind-2.21.4.jar:2.21.4]
	at com.fasterxml.jackson.databind.DeserializationContext.handleMissingInstantiator(DeserializationContext.java:1422) ~[jackson-databind-2.21.4.jar:2.21.4]
	at com.fasterxml.jackson.databind.deser.AbstractDeserializer.deserialize(AbstractDeserializer.java:273) ~[jackson-databind-2.21.4.jar:2.21.4]
	at com.fasterxml.jackson.databind.jsontype.impl.AsPropertyTypeDeserializer._deserializeTypedForId(AsPropertyTypeDeserializer.java:169) ~[jackson-databind-2.21.4.jar:2.21.4]
	at com.fasterxml.jackson.databind.jsontype.impl.AsPropertyTypeDeserializer.deserializeTypedFromObject(AsPropertyTypeDeserializer.java:135) ~[jackson-databind-2.21.4.jar:2.21.4]
	at com.fasterxml.jackson.databind.deser.AbstractDeserializer.deserializeWithType(AbstractDeserializer.java:262) ~[jackson-databind-2.21.4.jar:2.21.4]
	at com.fasterxml.jackson.databind.deser.impl.TypeWrappedDeserializer.deserialize(TypeWrappedDeserializer.java:74) ~[jackson-databind-2.21.4.jar:2.21.4]
	at com.fasterxml.jackson.databind.deser.DefaultDeserializationContext.readRootValue(DefaultDeserializationContext.java:342) ~[jackson-databind-2.21.4.jar:2.21.4]
	at com.fasterxml.jackson.databind.ObjectMapper._readMapAndClose(ObjectMapper.java:5052) ~[jackson-databind-2.21.4.jar:2.21.4]
	at com.fasterxml.jackson.databind.ObjectMapper.readValue(ObjectMapper.java:4056) ~[jackson-databind-2.21.4.jar:2.21.4]
	at org.springframework.data.redis.serializer.JacksonObjectReader.lambda$create$0(JacksonObjectReader.java:54) ~[spring-data-redis-3.5.12.jar:3.5.12]
	at org.springframework.data.redis.serializer.GenericJackson2JsonRedisSerializer.deserialize(GenericJackson2JsonRedisSerializer.java:309) ~[spring-data-redis-3.5.12.jar:3.5.12]
	at org.springframework.data.redis.serializer.GenericJackson2JsonRedisSerializer.deserialize(GenericJackson2JsonRedisSerializer.java:281) ~[spring-data-redis-3.5.12.jar:3.5.12]
	at org.springframework.data.redis.serializer.DefaultRedisElementReader.read(DefaultRedisElementReader.java:46) ~[spring-data-redis-3.5.12.jar:3.5.12]
	at org.springframework.data.redis.serializer.RedisSerializationContext$SerializationPair.read(RedisSerializationContext.java:277) ~[spring-data-redis-3.5.12.jar:3.5.12]
	at org.springframework.data.redis.cache.RedisCache.deserializeCacheValue(RedisCache.java:361) ~[spring-data-redis-3.5.12.jar:3.5.12]
	at org.springframework.data.redis.cache.RedisCache.lookup(RedisCache.java:187) ~[spring-data-redis-3.5.12.jar:3.5.12]
	at org.springframework.cache.support.AbstractValueAdaptingCache.get(AbstractValueAdaptingCache.java:58) ~[spring-context-6.2.19.jar:6.2.19]
	at org.springframework.cache.interceptor.AbstractCacheInvoker.doGet(AbstractCacheInvoker.java:78) ~[spring-context-6.2.19.jar:6.2.19]
	at org.springframework.cache.interceptor.CacheAspectSupport.findInCaches(CacheAspectSupport.java:576) ~[spring-context-6.2.19.jar:6.2.19]
	at org.springframework.cache.interceptor.CacheAspectSupport.findCachedValue(CacheAspectSupport.java:525) ~[spring-context-6.2.19.jar:6.2.19]
	at org.springframework.cache.interceptor.CacheAspectSupport.execute(CacheAspectSupport.java:448) ~[spring-context-6.2.19.jar:6.2.19]
	at org.springframework.cache.interceptor.CacheAspectSupport.execute(CacheAspectSupport.java:412) ~[spring-context-6.2.19.jar:6.2.19]
	at org.springframework.cache.interceptor.CacheInterceptor.invoke(CacheInterceptor.java:65) ~[spring-context-6.2.19.jar:6.2.19]
	at org.springframework.aop.framework.ReflectiveMethodInvocation.proceed(ReflectiveMethodInvocation.java:184) ~[spring-aop-6.2.19.jar:6.2.19]
	at org.springframework.aop.framework.CglibAopProxy$DynamicAdvisedInterceptor.intercept(CglibAopProxy.java:728) ~[spring-aop-6.2.19.jar:6.2.19]
	at com.skt.product_service.service.ProductService$$SpringCGLIB$$0.getProductById(<generated>) ~[classes/:na]
	at com.skt.product_service.controller.ProductController.getProduct(ProductController.java:62) ~[classes/:na]
	at java.base/jdk.internal.reflect.NativeMethodAccessorImpl.invoke0(Native Method) ~[na:na]
	at java.base/jdk.internal.reflect.NativeMethodAccessorImpl.invoke(NativeMethodAccessorImpl.java:77) ~[na:na]
	at java.base/jdk.internal.reflect.DelegatingMethodAccessorImpl.invoke(DelegatingMethodAccessorImpl.java:43) ~[na:na]
	at java.base/java.lang.reflect.Method.invoke(Method.java:568) ~[na:na]
	at org.springframework.web.method.support.InvocableHandlerMethod.doInvoke(InvocableHandlerMethod.java:258) ~[spring-web-6.2.19.jar:6.2.19]
	at org.springframework.web.method.support.InvocableHandlerMethod.invokeForRequest(InvocableHandlerMethod.java:191) ~[spring-web-6.2.19.jar:6.2.19]
	at org.springframework.web.servlet.mvc.method.annotation.ServletInvocableHandlerMethod.invokeAndHandle(ServletInvocableHandlerMethod.java:118) ~[spring-webmvc-6.2.19.jar:6.2.19]
	at org.springframework.web.servlet.mvc.method.annotation.RequestMappingHandlerAdapter.invokeHandlerMethod(RequestMappingHandlerAdapter.java:991) ~[spring-webmvc-6.2.19.jar:6.2.19]
	at org.springframework.web.servlet.mvc.method.annotation.RequestMappingHandlerAdapter.handleInternal(RequestMappingHandlerAdapter.java:896) ~[spring-webmvc-6.2.19.jar:6.2.19]
	at org.springframework.web.servlet.mvc.method.AbstractHandlerMethodAdapter.handle(AbstractHandlerMethodAdapter.java:87) ~[spring-webmvc-6.2.19.jar:6.2.19]
	at org.springframework.web.servlet.DispatcherServlet.doDispatch(DispatcherServlet.java:1089) ~[spring-webmvc-6.2.19.jar:6.2.19]
	at org.springframework.web.servlet.DispatcherServlet.doService(DispatcherServlet.java:979) ~[spring-webmvc-6.2.19.jar:6.2.19]
	at org.springframework.web.servlet.FrameworkServlet.processRequest(FrameworkServlet.java:1014) ~[spring-webmvc-6.2.19.jar:6.2.19]
	at org.springframework.web.servlet.FrameworkServlet.doGet(FrameworkServlet.java:903) ~[spring-webmvc-6.2.19.jar:6.2.19]
	at jakarta.servlet.http.HttpServlet.service(HttpServlet.java:564) ~[tomcat-embed-core-10.1.55.jar:6.0]
	at org.springframework.web.servlet.FrameworkServlet.service(FrameworkServlet.java:885) ~[spring-webmvc-6.2.19.jar:6.2.19]
	at jakarta.servlet.http.HttpServlet.service(HttpServlet.java:658) ~[tomcat-embed-core-10.1.55.jar:6.0]
	at org.apache.catalina.core.ApplicationFilterChain.internalDoFilter(ApplicationFilterChain.java:193) ~[tomcat-embed-core-10.1.55.jar:10.1.55]
	at org.apache.catalina.core.ApplicationFilterChain.doFilter(ApplicationFilterChain.java:138) ~[tomcat-embed-core-10.1.55.jar:10.1.55]
	at org.apache.tomcat.websocket.server.WsFilter.doFilter(WsFilter.java:51) ~[tomcat-embed-websocket-10.1.55.jar:10.1.55]
	at org.apache.catalina.core.ApplicationFilterChain.internalDoFilter(ApplicationFilterChain.java:162) ~[tomcat-embed-core-10.1.55.jar:10.1.55]
	at org.apache.catalina.core.ApplicationFilterChain.doFilter(ApplicationFilterChain.java:138) ~[tomcat-embed-core-10.1.55.jar:10.1.55]
	at org.springframework.web.filter.RequestContextFilter.doFilterInternal(RequestContextFilter.java:100) ~[spring-web-6.2.19.jar:6.2.19]
	at org.springframework.web.filter.OncePerRequestFilter.doFilter(OncePerRequestFilter.java:116) ~[spring-web-6.2.19.jar:6.2.19]
	at org.apache.catalina.core.ApplicationFilterChain.internalDoFilter(ApplicationFilterChain.java:162) ~[tomcat-embed-core-10.1.55.jar:10.1.55]
	at org.apache.catalina.core.ApplicationFilterChain.doFilter(ApplicationFilterChain.java:138) ~[tomcat-embed-core-10.1.55.jar:10.1.55]
	at org.springframework.web.filter.FormContentFilter.doFilterInternal(FormContentFilter.java:93) ~[spring-web-6.2.19.jar:6.2.19]
	at org.springframework.web.filter.OncePerRequestFilter.doFilter(OncePerRequestFilter.java:116) ~[spring-web-6.2.19.jar:6.2.19]
	at org.apache.catalina.core.ApplicationFilterChain.internalDoFilter(ApplicationFilterChain.java:162) ~[tomcat-embed-core-10.1.55.jar:10.1.55]
	at org.apache.catalina.core.ApplicationFilterChain.doFilter(ApplicationFilterChain.java:138) ~[tomcat-embed-core-10.1.55.jar:10.1.55]
	at org.springframework.web.filter.CharacterEncodingFilter.doFilterInternal(CharacterEncodingFilter.java:201) ~[spring-web-6.2.19.jar:6.2.19]
	at org.springframework.web.filter.OncePerRequestFilter.doFilter(OncePerRequestFilter.java:116) ~[spring-web-6.2.19.jar:6.2.19]
	at org.apache.catalina.core.ApplicationFilterChain.internalDoFilter(ApplicationFilterChain.java:162) ~[tomcat-embed-core-10.1.55.jar:10.1.55]
	at org.apache.catalina.core.ApplicationFilterChain.doFilter(ApplicationFilterChain.java:138) ~[tomcat-embed-core-10.1.55.jar:10.1.55]
	at org.apache.catalina.core.StandardWrapperValve.invoke(StandardWrapperValve.java:165) ~[tomcat-embed-core-10.1.55.jar:10.1.55]
	at org.apache.catalina.core.StandardContextValve.invoke(StandardContextValve.java:88) ~[tomcat-embed-core-10.1.55.jar:10.1.55]
	at org.apache.catalina.authenticator.AuthenticatorBase.invoke(AuthenticatorBase.java:492) ~[tomcat-embed-core-10.1.55.jar:10.1.55]
	at org.apache.catalina.core.StandardHostValve.invoke(StandardHostValve.java:113) ~[tomcat-embed-core-10.1.55.jar:10.1.55]
	at org.apache.catalina.valves.ErrorReportValve.invoke(ErrorReportValve.java:83) ~[tomcat-embed-core-10.1.55.jar:10.1.55]
	at org.apache.catalina.core.StandardEngineValve.invoke(StandardEngineValve.java:72) ~[tomcat-embed-core-10.1.55.jar:10.1.55]
	at org.apache.catalina.connector.CoyoteAdapter.service(CoyoteAdapter.java:342) ~[tomcat-embed-core-10.1.55.jar:10.1.55]
	at org.apache.coyote.http11.Http11Processor.service(Http11Processor.java:399) ~[tomcat-embed-core-10.1.55.jar:10.1.55]
	at org.apache.coyote.AbstractProcessorLight.process(AbstractProcessorLight.java:63) ~[tomcat-embed-core-10.1.55.jar:10.1.55]
	at org.apache.coyote.AbstractProtocol$ConnectionHandler.process(AbstractProtocol.java:1272) ~[tomcat-embed-core-10.1.55.jar:10.1.55]
	at org.apache.tomcat.util.net.NioEndpoint$SocketProcessor.doRun(NioEndpoint.java:1797) ~[tomcat-embed-core-10.1.55.jar:10.1.55]
	at org.apache.tomcat.util.net.SocketProcessorBase.run(SocketProcessorBase.java:52) ~[tomcat-embed-core-10.1.55.jar:10.1.55]
	at org.apache.tomcat.util.threads.ThreadPoolExecutor.runWorker(ThreadPoolExecutor.java:973) ~[tomcat-embed-core-10.1.55.jar:10.1.55]
	at org.apache.tomcat.util.threads.ThreadPoolExecutor$Worker.run(ThreadPoolExecutor.java:491) ~[tomcat-embed-core-10.1.55.jar:10.1.55]
	at org.apache.tomcat.util.threads.TaskThread$WrappingRunnable.run(TaskThread.java:63) ~[tomcat-embed-core-10.1.55.jar:10.1.55]
	at java.base/java.lang.Thread.run(Thread.java:842) ~[na:na]

2026-07-17T00:27:56.835+05:30  INFO 25556 --- [PRODUCT-SERVICE] [SpringApplicationShutdownHook] o.s.c.n.e.s.EurekaServiceRegistry        : Unregistering application PRODUCT-SERVICE with eureka with status DOWN
2026-07-17T00:27:56.838+05:30  INFO 25556 --- [PRODUCT-SERVICE] [SpringApplicationShutdownHook] o.s.b.w.e.tomcat.GracefulShutdown        : Commencing graceful shutdown. Waiting for active requests to complete
2026-07-17T00:27:56.914+05:30  INFO 25556 --- [PRODUCT-SERVICE] [tomcat-shutdown] o.s.b.w.e.tomcat.GracefulShutdown        : Graceful shutdown complete
2026-07-17T00:28:09.523+05:30  INFO 26412 --- [PRODUCT-SERVICE] [main] .s.d.r.c.RepositoryConfigurationDelegate : Multiple Spring Data modules found, entering strict repository configuration mode
2026-07-17T00:28:09.525+05:30  INFO 26412 --- [PRODUCT-SERVICE] [main] .s.d.r.c.RepositoryConfigurationDelegate : Bootstrapping Spring Data MongoDB repositories in DEFAULT mode.
2026-07-17T00:28:09.611+05:30  INFO 26412 --- [PRODUCT-SERVICE] [main] .s.d.r.c.RepositoryConfigurationDelegate : Finished Spring Data repository scanning in 79 ms. Found 1 MongoDB repository interface.
2026-07-17T00:28:09.787+05:30  INFO 26412 --- [PRODUCT-SERVICE] [main] .s.d.r.c.RepositoryConfigurationDelegate : Multiple Spring Data modules found, entering strict repository configuration mode
2026-07-17T00:28:09.788+05:30  INFO 26412 --- [PRODUCT-SERVICE] [main] .s.d.r.c.RepositoryConfigurationDelegate : Bootstrapping Spring Data Redis repositories in DEFAULT mode.
2026-07-17T00:28:09.805+05:30  INFO 26412 --- [PRODUCT-SERVICE] [main] .RepositoryConfigurationExtensionSupport : Spring Data Redis - Could not safely identify store assignment for repository candidate interface com.skt.product_service.repository.ProductRepository; If you want this repository to be a Redis repository, consider annotating your entities with one of these annotations: org.springframework.data.redis.core.RedisHash (preferred), or consider extending one of the following types with your repository: org.springframework.data.keyvalue.repository.KeyValueRepository
2026-07-17T00:28:09.806+05:30  INFO 26412 --- [PRODUCT-SERVICE] [main] .s.d.r.c.RepositoryConfigurationDelegate : Finished Spring Data repository scanning in 11 ms. Found 0 Redis repository interfaces.
2026-07-17T00:28:09.969+05:30  INFO 26412 --- [PRODUCT-SERVICE] [main] o.s.cloud.context.scope.GenericScope     : BeanFactory id=0d5833fb-b5b0-3973-9c79-6d64c81c838c
2026-07-17T00:28:10.247+05:30  INFO 26412 --- [PRODUCT-SERVICE] [main] o.s.b.w.embedded.tomcat.TomcatWebServer  : Tomcat initialized with port 8080 (http)
2026-07-17T00:28:10.314+05:30  INFO 26412 --- [PRODUCT-SERVICE] [main] w.s.c.ServletWebServerApplicationContext : Root WebApplicationContext: initialization completed in 1129 ms
2026-07-17T00:28:10.962+05:30  INFO 26412 --- [PRODUCT-SERVICE] [main] o.s.v.b.OptionalValidatorFactoryBean     : Failed to set up a Bean Validation provider: jakarta.validation.NoProviderFoundException: Unable to create a Configuration, because no Jakarta Bean Validation provider could be found. Add a provider like Hibernate Validator (RI) to your classpath.
2026-07-17T00:28:11.600+05:30  INFO 26412 --- [PRODUCT-SERVICE] [main] DiscoveryClientOptionalArgsConfiguration : Eureka HTTP Client uses RestTemplate.
2026-07-17T00:28:11.625+05:30  WARN 26412 --- [PRODUCT-SERVICE] [main] iguration$LoadBalancerCaffeineWarnLogger : Spring Cloud LoadBalancer is currently working with the default cache. While this cache implementation is useful for development and tests, it's recommended to use Caffeine cache in production.You can switch to using Caffeine cache, by adding it and org.springframework.cache.caffeine.CaffeineCacheManager to the classpath.
2026-07-17T00:28:11.642+05:30  INFO 26412 --- [PRODUCT-SERVICE] [main] o.s.c.n.eureka.InstanceInfoFactory       : Setting initial instance status as: STARTING
2026-07-17T00:28:11.946+05:30  INFO 26412 --- [PRODUCT-SERVICE] [main] o.s.c.n.e.s.EurekaServiceRegistry        : Registering application PRODUCT-SERVICE with eureka with status UP
2026-07-17T00:28:11.965+05:30  INFO 26412 --- [PRODUCT-SERVICE] [main] o.s.b.w.embedded.tomcat.TomcatWebServer  : Tomcat started on port 8080 (http) with context path '/'
2026-07-17T00:28:11.966+05:30  INFO 26412 --- [PRODUCT-SERVICE] [main] .s.c.n.e.s.EurekaAutoServiceRegistration : Updating port to 8080
2026-07-17T00:28:17.584+05:30  INFO 26412 --- [PRODUCT-SERVICE] [http-nio-8080-exec-1] o.s.web.servlet.DispatcherServlet        : Initializing Servlet 'dispatcherServlet'
2026-07-17T00:28:17.587+05:30  INFO 26412 --- [PRODUCT-SERVICE] [http-nio-8080-exec-1] o.s.web.servlet.DispatcherServlet        : Completed initialization in 2 ms
2026-07-17T00:28:18.005+05:30 ERROR 26412 --- [PRODUCT-SERVICE] [http-nio-8080-exec-1] o.a.c.c.C.[.[.[/].[dispatcherServlet]    : Servlet.service() for servlet [dispatcherServlet] in context with path [] threw exception [Request processing failed: org.springframework.data.redis.serializer.SerializationException: Could not read JSON:Could not resolve type id 'LAPTOP' as a subtype of `com.skt.product_service.dto.ProductResponse`: known type ids = [base, laptop]
 at [Source: REDACTED (`StreamReadFeature.INCLUDE_SOURCE_IN_LOCATION` disabled); line: 1, column: 174] ] with root cause

com.fasterxml.jackson.databind.exc.InvalidTypeIdException: Could not resolve type id 'LAPTOP' as a subtype of `com.skt.product_service.dto.ProductResponse`: known type ids = [base, laptop]
 at [Source: REDACTED (`StreamReadFeature.INCLUDE_SOURCE_IN_LOCATION` disabled); line: 1, column: 174]
	at com.fasterxml.jackson.databind.exc.InvalidTypeIdException.from(InvalidTypeIdException.java:43) ~[jackson-databind-2.21.4.jar:2.21.4]
	at com.fasterxml.jackson.databind.DeserializationContext.invalidTypeIdException(DeserializationContext.java:2088) ~[jackson-databind-2.21.4.jar:2.21.4]
	at com.fasterxml.jackson.databind.DeserializationContext.handleUnknownTypeId(DeserializationContext.java:1637) ~[jackson-databind-2.21.4.jar:2.21.4]
	at com.fasterxml.jackson.databind.jsontype.impl.TypeDeserializerBase._handleUnknownTypeId(TypeDeserializerBase.java:299) ~[jackson-databind-2.21.4.jar:2.21.4]
	at com.fasterxml.jackson.databind.jsontype.impl.TypeDeserializerBase._findDeserializer(TypeDeserializerBase.java:164) ~[jackson-databind-2.21.4.jar:2.21.4]
	at com.fasterxml.jackson.databind.jsontype.impl.AsPropertyTypeDeserializer._deserializeTypedForId(AsPropertyTypeDeserializer.java:150) ~[jackson-databind-2.21.4.jar:2.21.4]
	at com.fasterxml.jackson.databind.jsontype.impl.AsPropertyTypeDeserializer.deserializeTypedFromObject(AsPropertyTypeDeserializer.java:135) ~[jackson-databind-2.21.4.jar:2.21.4]
	at com.fasterxml.jackson.databind.deser.AbstractDeserializer.deserializeWithType(AbstractDeserializer.java:262) ~[jackson-databind-2.21.4.jar:2.21.4]
	at com.fasterxml.jackson.databind.deser.impl.TypeWrappedDeserializer.deserialize(TypeWrappedDeserializer.java:74) ~[jackson-databind-2.21.4.jar:2.21.4]
	at com.fasterxml.jackson.databind.deser.DefaultDeserializationContext.readRootValue(DefaultDeserializationContext.java:342) ~[jackson-databind-2.21.4.jar:2.21.4]
	at com.fasterxml.jackson.databind.ObjectMapper._readMapAndClose(ObjectMapper.java:5052) ~[jackson-databind-2.21.4.jar:2.21.4]
	at com.fasterxml.jackson.databind.ObjectMapper.readValue(ObjectMapper.java:4056) ~[jackson-databind-2.21.4.jar:2.21.4]
	at org.springframework.data.redis.serializer.JacksonObjectReader.lambda$create$0(JacksonObjectReader.java:54) ~[spring-data-redis-3.5.12.jar:3.5.12]
	at org.springframework.data.redis.serializer.GenericJackson2JsonRedisSerializer.deserialize(GenericJackson2JsonRedisSerializer.java:309) ~[spring-data-redis-3.5.12.jar:3.5.12]
	at org.springframework.data.redis.serializer.GenericJackson2JsonRedisSerializer.deserialize(GenericJackson2JsonRedisSerializer.java:281) ~[spring-data-redis-3.5.12.jar:3.5.12]
	at org.springframework.data.redis.serializer.DefaultRedisElementReader.read(DefaultRedisElementReader.java:46) ~[spring-data-redis-3.5.12.jar:3.5.12]
	at org.springframework.data.redis.serializer.RedisSerializationContext$SerializationPair.read(RedisSerializationContext.java:277) ~[spring-data-redis-3.5.12.jar:3.5.12]
	at org.springframework.data.redis.cache.RedisCache.deserializeCacheValue(RedisCache.java:361) ~[spring-data-redis-3.5.12.jar:3.5.12]
	at org.springframework.data.redis.cache.RedisCache.lookup(RedisCache.java:187) ~[spring-data-redis-3.5.12.jar:3.5.12]
	at org.springframework.cache.support.AbstractValueAdaptingCache.get(AbstractValueAdaptingCache.java:58) ~[spring-context-6.2.19.jar:6.2.19]
	at org.springframework.cache.interceptor.AbstractCacheInvoker.doGet(AbstractCacheInvoker.java:78) ~[spring-context-6.2.19.jar:6.2.19]
	at org.springframework.cache.interceptor.CacheAspectSupport.findInCaches(CacheAspectSupport.java:576) ~[spring-context-6.2.19.jar:6.2.19]
	at org.springframework.cache.interceptor.CacheAspectSupport.findCachedValue(CacheAspectSupport.java:525) ~[spring-context-6.2.19.jar:6.2.19]
	at org.springframework.cache.interceptor.CacheAspectSupport.execute(CacheAspectSupport.java:448) ~[spring-context-6.2.19.jar:6.2.19]
	at org.springframework.cache.interceptor.CacheAspectSupport.execute(CacheAspectSupport.java:412) ~[spring-context-6.2.19.jar:6.2.19]
	at org.springframework.cache.interceptor.CacheInterceptor.invoke(CacheInterceptor.java:65) ~[spring-context-6.2.19.jar:6.2.19]
	at org.springframework.aop.framework.ReflectiveMethodInvocation.proceed(ReflectiveMethodInvocation.java:184) ~[spring-aop-6.2.19.jar:6.2.19]
	at org.springframework.aop.framework.CglibAopProxy$DynamicAdvisedInterceptor.intercept(CglibAopProxy.java:728) ~[spring-aop-6.2.19.jar:6.2.19]
	at com.skt.product_service.service.ProductService$$SpringCGLIB$$0.getProductById(<generated>) ~[classes/:na]
	at com.skt.product_service.controller.ProductController.getProduct(ProductController.java:62) ~[classes/:na]
	at java.base/jdk.internal.reflect.NativeMethodAccessorImpl.invoke0(Native Method) ~[na:na]
	at java.base/jdk.internal.reflect.NativeMethodAccessorImpl.invoke(NativeMethodAccessorImpl.java:77) ~[na:na]
	at java.base/jdk.internal.reflect.DelegatingMethodAccessorImpl.invoke(DelegatingMethodAccessorImpl.java:43) ~[na:na]
	at java.base/java.lang.reflect.Method.invoke(Method.java:568) ~[na:na]
	at org.springframework.web.method.support.InvocableHandlerMethod.doInvoke(InvocableHandlerMethod.java:258) ~[spring-web-6.2.19.jar:6.2.19]
	at org.springframework.web.method.support.InvocableHandlerMethod.invokeForRequest(InvocableHandlerMethod.java:191) ~[spring-web-6.2.19.jar:6.2.19]
	at org.springframework.web.servlet.mvc.method.annotation.ServletInvocableHandlerMethod.invokeAndHandle(ServletInvocableHandlerMethod.java:118) ~[spring-webmvc-6.2.19.jar:6.2.19]
	at org.springframework.web.servlet.mvc.method.annotation.RequestMappingHandlerAdapter.invokeHandlerMethod(RequestMappingHandlerAdapter.java:991) ~[spring-webmvc-6.2.19.jar:6.2.19]
	at org.springframework.web.servlet.mvc.method.annotation.RequestMappingHandlerAdapter.handleInternal(RequestMappingHandlerAdapter.java:896) ~[spring-webmvc-6.2.19.jar:6.2.19]
	at org.springframework.web.servlet.mvc.method.AbstractHandlerMethodAdapter.handle(AbstractHandlerMethodAdapter.java:87) ~[spring-webmvc-6.2.19.jar:6.2.19]
	at org.springframework.web.servlet.DispatcherServlet.doDispatch(DispatcherServlet.java:1089) ~[spring-webmvc-6.2.19.jar:6.2.19]
	at org.springframework.web.servlet.DispatcherServlet.doService(DispatcherServlet.java:979) ~[spring-webmvc-6.2.19.jar:6.2.19]
	at org.springframework.web.servlet.FrameworkServlet.processRequest(FrameworkServlet.java:1014) ~[spring-webmvc-6.2.19.jar:6.2.19]
	at org.springframework.web.servlet.FrameworkServlet.doGet(FrameworkServlet.java:903) ~[spring-webmvc-6.2.19.jar:6.2.19]
	at jakarta.servlet.http.HttpServlet.service(HttpServlet.java:564) ~[tomcat-embed-core-10.1.55.jar:6.0]
	at org.springframework.web.servlet.FrameworkServlet.service(FrameworkServlet.java:885) ~[spring-webmvc-6.2.19.jar:6.2.19]
	at jakarta.servlet.http.HttpServlet.service(HttpServlet.java:658) ~[tomcat-embed-core-10.1.55.jar:6.0]
	at org.apache.catalina.core.ApplicationFilterChain.internalDoFilter(ApplicationFilterChain.java:193) ~[tomcat-embed-core-10.1.55.jar:10.1.55]
	at org.apache.catalina.core.ApplicationFilterChain.doFilter(ApplicationFilterChain.java:138) ~[tomcat-embed-core-10.1.55.jar:10.1.55]
	at org.apache.tomcat.websocket.server.WsFilter.doFilter(WsFilter.java:51) ~[tomcat-embed-websocket-10.1.55.jar:10.1.55]
	at org.apache.catalina.core.ApplicationFilterChain.internalDoFilter(ApplicationFilterChain.java:162) ~[tomcat-embed-core-10.1.55.jar:10.1.55]
	at org.apache.catalina.core.ApplicationFilterChain.doFilter(ApplicationFilterChain.java:138) ~[tomcat-embed-core-10.1.55.jar:10.1.55]
	at org.springframework.web.filter.RequestContextFilter.doFilterInternal(RequestContextFilter.java:100) ~[spring-web-6.2.19.jar:6.2.19]
	at org.springframework.web.filter.OncePerRequestFilter.doFilter(OncePerRequestFilter.java:116) ~[spring-web-6.2.19.jar:6.2.19]
	at org.apache.catalina.core.ApplicationFilterChain.internalDoFilter(ApplicationFilterChain.java:162) ~[tomcat-embed-core-10.1.55.jar:10.1.55]
	at org.apache.catalina.core.ApplicationFilterChain.doFilter(ApplicationFilterChain.java:138) ~[tomcat-embed-core-10.1.55.jar:10.1.55]
	at org.springframework.web.filter.FormContentFilter.doFilterInternal(FormContentFilter.java:93) ~[spring-web-6.2.19.jar:6.2.19]
	at org.springframework.web.filter.OncePerRequestFilter.doFilter(OncePerRequestFilter.java:116) ~[spring-web-6.2.19.jar:6.2.19]
	at org.apache.catalina.core.ApplicationFilterChain.internalDoFilter(ApplicationFilterChain.java:162) ~[tomcat-embed-core-10.1.55.jar:10.1.55]
	at org.apache.catalina.core.ApplicationFilterChain.doFilter(ApplicationFilterChain.java:138) ~[tomcat-embed-core-10.1.55.jar:10.1.55]
	at org.springframework.web.filter.CharacterEncodingFilter.doFilterInternal(CharacterEncodingFilter.java:201) ~[spring-web-6.2.19.jar:6.2.19]
	at org.springframework.web.filter.OncePerRequestFilter.doFilter(OncePerRequestFilter.java:116) ~[spring-web-6.2.19.jar:6.2.19]
	at org.apache.catalina.core.ApplicationFilterChain.internalDoFilter(ApplicationFilterChain.java:162) ~[tomcat-embed-core-10.1.55.jar:10.1.55]
	at org.apache.catalina.core.ApplicationFilterChain.doFilter(ApplicationFilterChain.java:138) ~[tomcat-embed-core-10.1.55.jar:10.1.55]
	at org.apache.catalina.core.StandardWrapperValve.invoke(StandardWrapperValve.java:165) ~[tomcat-embed-core-10.1.55.jar:10.1.55]
	at org.apache.catalina.core.StandardContextValve.invoke(StandardContextValve.java:88) ~[tomcat-embed-core-10.1.55.jar:10.1.55]
	at org.apache.catalina.authenticator.AuthenticatorBase.invoke(AuthenticatorBase.java:492) ~[tomcat-embed-core-10.1.55.jar:10.1.55]
	at org.apache.catalina.core.StandardHostValve.invoke(StandardHostValve.java:113) ~[tomcat-embed-core-10.1.55.jar:10.1.55]
	at org.apache.catalina.valves.ErrorReportValve.invoke(ErrorReportValve.java:83) ~[tomcat-embed-core-10.1.55.jar:10.1.55]
	at org.apache.catalina.core.StandardEngineValve.invoke(StandardEngineValve.java:72) ~[tomcat-embed-core-10.1.55.jar:10.1.55]
	at org.apache.catalina.connector.CoyoteAdapter.service(CoyoteAdapter.java:342) ~[tomcat-embed-core-10.1.55.jar:10.1.55]
	at org.apache.coyote.http11.Http11Processor.service(Http11Processor.java:399) ~[tomcat-embed-core-10.1.55.jar:10.1.55]
	at org.apache.coyote.AbstractProcessorLight.process(AbstractProcessorLight.java:63) ~[tomcat-embed-core-10.1.55.jar:10.1.55]
	at org.apache.coyote.AbstractProtocol$ConnectionHandler.process(AbstractProtocol.java:1272) ~[tomcat-embed-core-10.1.55.jar:10.1.55]
	at org.apache.tomcat.util.net.NioEndpoint$SocketProcessor.doRun(NioEndpoint.java:1797) ~[tomcat-embed-core-10.1.55.jar:10.1.55]
	at org.apache.tomcat.util.net.SocketProcessorBase.run(SocketProcessorBase.java:52) ~[tomcat-embed-core-10.1.55.jar:10.1.55]
	at org.apache.tomcat.util.threads.ThreadPoolExecutor.runWorker(ThreadPoolExecutor.java:973) ~[tomcat-embed-core-10.1.55.jar:10.1.55]
	at org.apache.tomcat.util.threads.ThreadPoolExecutor$Worker.run(ThreadPoolExecutor.java:491) ~[tomcat-embed-core-10.1.55.jar:10.1.55]
	at org.apache.tomcat.util.threads.TaskThread$WrappingRunnable.run(TaskThread.java:63) ~[tomcat-embed-core-10.1.55.jar:10.1.55]
	at java.base/java.lang.Thread.run(Thread.java:842) ~[na:na]

2026-07-17T00:32:06.822+05:30  INFO 26412 --- [PRODUCT-SERVICE] [SpringApplicationShutdownHook] o.s.c.n.e.s.EurekaServiceRegistry        : Unregistering application PRODUCT-SERVICE with eureka with status DOWN
2026-07-17T00:32:06.825+05:30  INFO 26412 --- [PRODUCT-SERVICE] [SpringApplicationShutdownHook] o.s.b.w.e.tomcat.GracefulShutdown        : Commencing graceful shutdown. Waiting for active requests to complete
2026-07-17T00:32:06.898+05:30  INFO 26412 --- [PRODUCT-SERVICE] [tomcat-shutdown] o.s.b.w.e.tomcat.GracefulShutdown        : Graceful shutdown complete
2026-07-17T00:32:24.874+05:30  INFO 6212 --- [PRODUCT-SERVICE] [main] .s.d.r.c.RepositoryConfigurationDelegate : Multiple Spring Data modules found, entering strict repository configuration mode
2026-07-17T00:32:24.875+05:30  INFO 6212 --- [PRODUCT-SERVICE] [main] .s.d.r.c.RepositoryConfigurationDelegate : Bootstrapping Spring Data MongoDB repositories in DEFAULT mode.
2026-07-17T00:32:25.032+05:30  INFO 6212 --- [PRODUCT-SERVICE] [main] .s.d.r.c.RepositoryConfigurationDelegate : Finished Spring Data repository scanning in 152 ms. Found 1 MongoDB repository interface.
2026-07-17T00:32:25.248+05:30  INFO 6212 --- [PRODUCT-SERVICE] [main] .s.d.r.c.RepositoryConfigurationDelegate : Multiple Spring Data modules found, entering strict repository configuration mode
2026-07-17T00:32:25.249+05:30  INFO 6212 --- [PRODUCT-SERVICE] [main] .s.d.r.c.RepositoryConfigurationDelegate : Bootstrapping Spring Data Redis repositories in DEFAULT mode.
2026-07-17T00:32:25.266+05:30  INFO 6212 --- [PRODUCT-SERVICE] [main] .RepositoryConfigurationExtensionSupport : Spring Data Redis - Could not safely identify store assignment for repository candidate interface com.skt.product_service.repository.ProductRepository; If you want this repository to be a Redis repository, consider annotating your entities with one of these annotations: org.springframework.data.redis.core.RedisHash (preferred), or consider extending one of the following types with your repository: org.springframework.data.keyvalue.repository.KeyValueRepository
2026-07-17T00:32:25.266+05:30  INFO 6212 --- [PRODUCT-SERVICE] [main] .s.d.r.c.RepositoryConfigurationDelegate : Finished Spring Data repository scanning in 11 ms. Found 0 Redis repository interfaces.
2026-07-17T00:32:25.460+05:30  INFO 6212 --- [PRODUCT-SERVICE] [main] o.s.cloud.context.scope.GenericScope     : BeanFactory id=0d5833fb-b5b0-3973-9c79-6d64c81c838c
2026-07-17T00:32:25.728+05:30  INFO 6212 --- [PRODUCT-SERVICE] [main] o.s.b.w.embedded.tomcat.TomcatWebServer  : Tomcat initialized with port 8080 (http)
2026-07-17T00:32:25.787+05:30  INFO 6212 --- [PRODUCT-SERVICE] [main] w.s.c.ServletWebServerApplicationContext : Root WebApplicationContext: initialization completed in 1276 ms
2026-07-17T00:32:26.403+05:30  INFO 6212 --- [PRODUCT-SERVICE] [main] o.s.v.b.OptionalValidatorFactoryBean     : Failed to set up a Bean Validation provider: jakarta.validation.NoProviderFoundException: Unable to create a Configuration, because no Jakarta Bean Validation provider could be found. Add a provider like Hibernate Validator (RI) to your classpath.
2026-07-17T00:32:27.137+05:30  INFO 6212 --- [PRODUCT-SERVICE] [main] DiscoveryClientOptionalArgsConfiguration : Eureka HTTP Client uses RestTemplate.
2026-07-17T00:32:27.167+05:30  WARN 6212 --- [PRODUCT-SERVICE] [main] iguration$LoadBalancerCaffeineWarnLogger : Spring Cloud LoadBalancer is currently working with the default cache. While this cache implementation is useful for development and tests, it's recommended to use Caffeine cache in production.You can switch to using Caffeine cache, by adding it and org.springframework.cache.caffeine.CaffeineCacheManager to the classpath.
2026-07-17T00:32:27.187+05:30  INFO 6212 --- [PRODUCT-SERVICE] [main] o.s.c.n.eureka.InstanceInfoFactory       : Setting initial instance status as: STARTING
2026-07-17T00:32:27.496+05:30  INFO 6212 --- [PRODUCT-SERVICE] [main] o.s.c.n.e.s.EurekaServiceRegistry        : Registering application PRODUCT-SERVICE with eureka with status UP
2026-07-17T00:32:27.516+05:30  INFO 6212 --- [PRODUCT-SERVICE] [main] o.s.b.w.embedded.tomcat.TomcatWebServer  : Tomcat started on port 8080 (http) with context path '/'
2026-07-17T00:32:27.517+05:30  INFO 6212 --- [PRODUCT-SERVICE] [main] .s.c.n.e.s.EurekaAutoServiceRegistration : Updating port to 8080
2026-07-17T00:33:57.310+05:30  INFO 6212 --- [PRODUCT-SERVICE] [http-nio-8080-exec-1] o.s.web.servlet.DispatcherServlet        : Initializing Servlet 'dispatcherServlet'
2026-07-17T00:33:57.312+05:30  INFO 6212 --- [PRODUCT-SERVICE] [http-nio-8080-exec-1] o.s.web.servlet.DispatcherServlet        : Completed initialization in 0 ms
2026-07-17T00:33:57.684+05:30 ERROR 6212 --- [PRODUCT-SERVICE] [http-nio-8080-exec-1] o.a.c.c.C.[.[.[/].[dispatcherServlet]    : Servlet.service() for servlet [dispatcherServlet] in context with path [] threw exception [Request processing failed: org.springframework.data.redis.serializer.SerializationException: Could not read JSON:Could not resolve type id 'LAPTOP' as a subtype of `com.skt.product_service.dto.ProductResponse`: known type ids = [base, laptop]
 at [Source: REDACTED (`StreamReadFeature.INCLUDE_SOURCE_IN_LOCATION` disabled); line: 1, column: 174] ] with root cause

com.fasterxml.jackson.databind.exc.InvalidTypeIdException: Could not resolve type id 'LAPTOP' as a subtype of `com.skt.product_service.dto.ProductResponse`: known type ids = [base, laptop]
 at [Source: REDACTED (`StreamReadFeature.INCLUDE_SOURCE_IN_LOCATION` disabled); line: 1, column: 174]
	at com.fasterxml.jackson.databind.exc.InvalidTypeIdException.from(InvalidTypeIdException.java:43) ~[jackson-databind-2.21.4.jar:2.21.4]
	at com.fasterxml.jackson.databind.DeserializationContext.invalidTypeIdException(DeserializationContext.java:2088) ~[jackson-databind-2.21.4.jar:2.21.4]
	at com.fasterxml.jackson.databind.DeserializationContext.handleUnknownTypeId(DeserializationContext.java:1637) ~[jackson-databind-2.21.4.jar:2.21.4]
	at com.fasterxml.jackson.databind.jsontype.impl.TypeDeserializerBase._handleUnknownTypeId(TypeDeserializerBase.java:299) ~[jackson-databind-2.21.4.jar:2.21.4]
	at com.fasterxml.jackson.databind.jsontype.impl.TypeDeserializerBase._findDeserializer(TypeDeserializerBase.java:164) ~[jackson-databind-2.21.4.jar:2.21.4]
	at com.fasterxml.jackson.databind.jsontype.impl.AsPropertyTypeDeserializer._deserializeTypedForId(AsPropertyTypeDeserializer.java:150) ~[jackson-databind-2.21.4.jar:2.21.4]
	at com.fasterxml.jackson.databind.jsontype.impl.AsPropertyTypeDeserializer.deserializeTypedFromObject(AsPropertyTypeDeserializer.java:135) ~[jackson-databind-2.21.4.jar:2.21.4]
	at com.fasterxml.jackson.databind.deser.AbstractDeserializer.deserializeWithType(AbstractDeserializer.java:262) ~[jackson-databind-2.21.4.jar:2.21.4]
	at com.fasterxml.jackson.databind.deser.impl.TypeWrappedDeserializer.deserialize(TypeWrappedDeserializer.java:74) ~[jackson-databind-2.21.4.jar:2.21.4]
	at com.fasterxml.jackson.databind.deser.DefaultDeserializationContext.readRootValue(DefaultDeserializationContext.java:342) ~[jackson-databind-2.21.4.jar:2.21.4]
	at com.fasterxml.jackson.databind.ObjectMapper._readMapAndClose(ObjectMapper.java:5052) ~[jackson-databind-2.21.4.jar:2.21.4]
	at com.fasterxml.jackson.databind.ObjectMapper.readValue(ObjectMapper.java:4056) ~[jackson-databind-2.21.4.jar:2.21.4]
	at org.springframework.data.redis.serializer.JacksonObjectReader.lambda$create$0(JacksonObjectReader.java:54) ~[spring-data-redis-3.5.12.jar:3.5.12]
	at org.springframework.data.redis.serializer.GenericJackson2JsonRedisSerializer.deserialize(GenericJackson2JsonRedisSerializer.java:309) ~[spring-data-redis-3.5.12.jar:3.5.12]
	at org.springframework.data.redis.serializer.GenericJackson2JsonRedisSerializer.deserialize(GenericJackson2JsonRedisSerializer.java:281) ~[spring-data-redis-3.5.12.jar:3.5.12]
	at org.springframework.data.redis.serializer.DefaultRedisElementReader.read(DefaultRedisElementReader.java:46) ~[spring-data-redis-3.5.12.jar:3.5.12]
	at org.springframework.data.redis.serializer.RedisSerializationContext$SerializationPair.read(RedisSerializationContext.java:277) ~[spring-data-redis-3.5.12.jar:3.5.12]
	at org.springframework.data.redis.cache.RedisCache.deserializeCacheValue(RedisCache.java:361) ~[spring-data-redis-3.5.12.jar:3.5.12]
	at org.springframework.data.redis.cache.RedisCache.lookup(RedisCache.java:187) ~[spring-data-redis-3.5.12.jar:3.5.12]
	at org.springframework.cache.support.AbstractValueAdaptingCache.get(AbstractValueAdaptingCache.java:58) ~[spring-context-6.2.19.jar:6.2.19]
	at org.springframework.cache.interceptor.AbstractCacheInvoker.doGet(AbstractCacheInvoker.java:78) ~[spring-context-6.2.19.jar:6.2.19]
	at org.springframework.cache.interceptor.CacheAspectSupport.findInCaches(CacheAspectSupport.java:576) ~[spring-context-6.2.19.jar:6.2.19]
	at org.springframework.cache.interceptor.CacheAspectSupport.findCachedValue(CacheAspectSupport.java:525) ~[spring-context-6.2.19.jar:6.2.19]
	at org.springframework.cache.interceptor.CacheAspectSupport.execute(CacheAspectSupport.java:448) ~[spring-context-6.2.19.jar:6.2.19]
	at org.springframework.cache.interceptor.CacheAspectSupport.execute(CacheAspectSupport.java:412) ~[spring-context-6.2.19.jar:6.2.19]
	at org.springframework.cache.interceptor.CacheInterceptor.invoke(CacheInterceptor.java:65) ~[spring-context-6.2.19.jar:6.2.19]
	at org.springframework.aop.framework.ReflectiveMethodInvocation.proceed(ReflectiveMethodInvocation.java:184) ~[spring-aop-6.2.19.jar:6.2.19]
	at org.springframework.aop.framework.CglibAopProxy$DynamicAdvisedInterceptor.intercept(CglibAopProxy.java:728) ~[spring-aop-6.2.19.jar:6.2.19]
	at com.skt.product_service.service.ProductService$$SpringCGLIB$$0.getProductById(<generated>) ~[classes/:na]
	at com.skt.product_service.controller.ProductController.getProduct(ProductController.java:62) ~[classes/:na]
	at java.base/jdk.internal.reflect.NativeMethodAccessorImpl.invoke0(Native Method) ~[na:na]
	at java.base/jdk.internal.reflect.NativeMethodAccessorImpl.invoke(NativeMethodAccessorImpl.java:77) ~[na:na]
	at java.base/jdk.internal.reflect.DelegatingMethodAccessorImpl.invoke(DelegatingMethodAccessorImpl.java:43) ~[na:na]
	at java.base/java.lang.reflect.Method.invoke(Method.java:568) ~[na:na]
	at org.springframework.web.method.support.InvocableHandlerMethod.doInvoke(InvocableHandlerMethod.java:258) ~[spring-web-6.2.19.jar:6.2.19]
	at org.springframework.web.method.support.InvocableHandlerMethod.invokeForRequest(InvocableHandlerMethod.java:191) ~[spring-web-6.2.19.jar:6.2.19]
	at org.springframework.web.servlet.mvc.method.annotation.ServletInvocableHandlerMethod.invokeAndHandle(ServletInvocableHandlerMethod.java:118) ~[spring-webmvc-6.2.19.jar:6.2.19]
	at org.springframework.web.servlet.mvc.method.annotation.RequestMappingHandlerAdapter.invokeHandlerMethod(RequestMappingHandlerAdapter.java:991) ~[spring-webmvc-6.2.19.jar:6.2.19]
	at org.springframework.web.servlet.mvc.method.annotation.RequestMappingHandlerAdapter.handleInternal(RequestMappingHandlerAdapter.java:896) ~[spring-webmvc-6.2.19.jar:6.2.19]
	at org.springframework.web.servlet.mvc.method.AbstractHandlerMethodAdapter.handle(AbstractHandlerMethodAdapter.java:87) ~[spring-webmvc-6.2.19.jar:6.2.19]
	at org.springframework.web.servlet.DispatcherServlet.doDispatch(DispatcherServlet.java:1089) ~[spring-webmvc-6.2.19.jar:6.2.19]
	at org.springframework.web.servlet.DispatcherServlet.doService(DispatcherServlet.java:979) ~[spring-webmvc-6.2.19.jar:6.2.19]
	at org.springframework.web.servlet.FrameworkServlet.processRequest(FrameworkServlet.java:1014) ~[spring-webmvc-6.2.19.jar:6.2.19]
	at org.springframework.web.servlet.FrameworkServlet.doGet(FrameworkServlet.java:903) ~[spring-webmvc-6.2.19.jar:6.2.19]
	at jakarta.servlet.http.HttpServlet.service(HttpServlet.java:564) ~[tomcat-embed-core-10.1.55.jar:6.0]
	at org.springframework.web.servlet.FrameworkServlet.service(FrameworkServlet.java:885) ~[spring-webmvc-6.2.19.jar:6.2.19]
	at jakarta.servlet.http.HttpServlet.service(HttpServlet.java:658) ~[tomcat-embed-core-10.1.55.jar:6.0]
	at org.apache.catalina.core.ApplicationFilterChain.internalDoFilter(ApplicationFilterChain.java:193) ~[tomcat-embed-core-10.1.55.jar:10.1.55]
	at org.apache.catalina.core.ApplicationFilterChain.doFilter(ApplicationFilterChain.java:138) ~[tomcat-embed-core-10.1.55.jar:10.1.55]
	at org.apache.tomcat.websocket.server.WsFilter.doFilter(WsFilter.java:51) ~[tomcat-embed-websocket-10.1.55.jar:10.1.55]
	at org.apache.catalina.core.ApplicationFilterChain.internalDoFilter(ApplicationFilterChain.java:162) ~[tomcat-embed-core-10.1.55.jar:10.1.55]
	at org.apache.catalina.core.ApplicationFilterChain.doFilter(ApplicationFilterChain.java:138) ~[tomcat-embed-core-10.1.55.jar:10.1.55]
	at org.springframework.web.filter.RequestContextFilter.doFilterInternal(RequestContextFilter.java:100) ~[spring-web-6.2.19.jar:6.2.19]
	at org.springframework.web.filter.OncePerRequestFilter.doFilter(OncePerRequestFilter.java:116) ~[spring-web-6.2.19.jar:6.2.19]
	at org.apache.catalina.core.ApplicationFilterChain.internalDoFilter(ApplicationFilterChain.java:162) ~[tomcat-embed-core-10.1.55.jar:10.1.55]
	at org.apache.catalina.core.ApplicationFilterChain.doFilter(ApplicationFilterChain.java:138) ~[tomcat-embed-core-10.1.55.jar:10.1.55]
	at org.springframework.web.filter.FormContentFilter.doFilterInternal(FormContentFilter.java:93) ~[spring-web-6.2.19.jar:6.2.19]
	at org.springframework.web.filter.OncePerRequestFilter.doFilter(OncePerRequestFilter.java:116) ~[spring-web-6.2.19.jar:6.2.19]
	at org.apache.catalina.core.ApplicationFilterChain.internalDoFilter(ApplicationFilterChain.java:162) ~[tomcat-embed-core-10.1.55.jar:10.1.55]
	at org.apache.catalina.core.ApplicationFilterChain.doFilter(ApplicationFilterChain.java:138) ~[tomcat-embed-core-10.1.55.jar:10.1.55]
	at org.springframework.web.filter.CharacterEncodingFilter.doFilterInternal(CharacterEncodingFilter.java:201) ~[spring-web-6.2.19.jar:6.2.19]
	at org.springframework.web.filter.OncePerRequestFilter.doFilter(OncePerRequestFilter.java:116) ~[spring-web-6.2.19.jar:6.2.19]
	at org.apache.catalina.core.ApplicationFilterChain.internalDoFilter(ApplicationFilterChain.java:162) ~[tomcat-embed-core-10.1.55.jar:10.1.55]
	at org.apache.catalina.core.ApplicationFilterChain.doFilter(ApplicationFilterChain.java:138) ~[tomcat-embed-core-10.1.55.jar:10.1.55]
	at org.apache.catalina.core.StandardWrapperValve.invoke(StandardWrapperValve.java:165) ~[tomcat-embed-core-10.1.55.jar:10.1.55]
	at org.apache.catalina.core.StandardContextValve.invoke(StandardContextValve.java:88) ~[tomcat-embed-core-10.1.55.jar:10.1.55]
	at org.apache.catalina.authenticator.AuthenticatorBase.invoke(AuthenticatorBase.java:492) ~[tomcat-embed-core-10.1.55.jar:10.1.55]
	at org.apache.catalina.core.StandardHostValve.invoke(StandardHostValve.java:113) ~[tomcat-embed-core-10.1.55.jar:10.1.55]
	at org.apache.catalina.valves.ErrorReportValve.invoke(ErrorReportValve.java:83) ~[tomcat-embed-core-10.1.55.jar:10.1.55]
	at org.apache.catalina.core.StandardEngineValve.invoke(StandardEngineValve.java:72) ~[tomcat-embed-core-10.1.55.jar:10.1.55]
	at org.apache.catalina.connector.CoyoteAdapter.service(CoyoteAdapter.java:342) ~[tomcat-embed-core-10.1.55.jar:10.1.55]
	at org.apache.coyote.http11.Http11Processor.service(Http11Processor.java:399) ~[tomcat-embed-core-10.1.55.jar:10.1.55]
	at org.apache.coyote.AbstractProcessorLight.process(AbstractProcessorLight.java:63) ~[tomcat-embed-core-10.1.55.jar:10.1.55]
	at org.apache.coyote.AbstractProtocol$ConnectionHandler.process(AbstractProtocol.java:1272) ~[tomcat-embed-core-10.1.55.jar:10.1.55]
	at org.apache.tomcat.util.net.NioEndpoint$SocketProcessor.doRun(NioEndpoint.java:1797) ~[tomcat-embed-core-10.1.55.jar:10.1.55]
	at org.apache.tomcat.util.net.SocketProcessorBase.run(SocketProcessorBase.java:52) ~[tomcat-embed-core-10.1.55.jar:10.1.55]
	at org.apache.tomcat.util.threads.ThreadPoolExecutor.runWorker(ThreadPoolExecutor.java:973) ~[tomcat-embed-core-10.1.55.jar:10.1.55]
	at org.apache.tomcat.util.threads.ThreadPoolExecutor$Worker.run(ThreadPoolExecutor.java:491) ~[tomcat-embed-core-10.1.55.jar:10.1.55]
	at org.apache.tomcat.util.threads.TaskThread$WrappingRunnable.run(TaskThread.java:63) ~[tomcat-embed-core-10.1.55.jar:10.1.55]
	at java.base/java.lang.Thread.run(Thread.java:842) ~[na:na]

2026-07-17T00:35:58.317+05:30  INFO 6212 --- [PRODUCT-SERVICE] [SpringApplicationShutdownHook] o.s.c.n.e.s.EurekaServiceRegistry        : Unregistering application PRODUCT-SERVICE with eureka with status DOWN
2026-07-17T00:35:58.319+05:30  INFO 6212 --- [PRODUCT-SERVICE] [SpringApplicationShutdownHook] o.s.b.w.e.tomcat.GracefulShutdown        : Commencing graceful shutdown. Waiting for active requests to complete
2026-07-17T00:35:58.400+05:30  INFO 6212 --- [PRODUCT-SERVICE] [tomcat-shutdown] o.s.b.w.e.tomcat.GracefulShutdown        : Graceful shutdown complete
2026-07-17T00:37:22.295+05:30  INFO 20180 --- [PRODUCT-SERVICE] [main] .s.d.r.c.RepositoryConfigurationDelegate : Multiple Spring Data modules found, entering strict repository configuration mode
2026-07-17T00:37:22.296+05:30  INFO 20180 --- [PRODUCT-SERVICE] [main] .s.d.r.c.RepositoryConfigurationDelegate : Bootstrapping Spring Data MongoDB repositories in DEFAULT mode.
2026-07-17T00:37:22.377+05:30  INFO 20180 --- [PRODUCT-SERVICE] [main] .s.d.r.c.RepositoryConfigurationDelegate : Finished Spring Data repository scanning in 77 ms. Found 1 MongoDB repository interface.
2026-07-17T00:37:22.548+05:30  INFO 20180 --- [PRODUCT-SERVICE] [main] .s.d.r.c.RepositoryConfigurationDelegate : Multiple Spring Data modules found, entering strict repository configuration mode
2026-07-17T00:37:22.550+05:30  INFO 20180 --- [PRODUCT-SERVICE] [main] .s.d.r.c.RepositoryConfigurationDelegate : Bootstrapping Spring Data Redis repositories in DEFAULT mode.
2026-07-17T00:37:22.567+05:30  INFO 20180 --- [PRODUCT-SERVICE] [main] .RepositoryConfigurationExtensionSupport : Spring Data Redis - Could not safely identify store assignment for repository candidate interface com.skt.product_service.repository.ProductRepository; If you want this repository to be a Redis repository, consider annotating your entities with one of these annotations: org.springframework.data.redis.core.RedisHash (preferred), or consider extending one of the following types with your repository: org.springframework.data.keyvalue.repository.KeyValueRepository
2026-07-17T00:37:22.568+05:30  INFO 20180 --- [PRODUCT-SERVICE] [main] .s.d.r.c.RepositoryConfigurationDelegate : Finished Spring Data repository scanning in 12 ms. Found 0 Redis repository interfaces.
2026-07-17T00:37:22.717+05:30  INFO 20180 --- [PRODUCT-SERVICE] [main] o.s.cloud.context.scope.GenericScope     : BeanFactory id=0d5833fb-b5b0-3973-9c79-6d64c81c838c
2026-07-17T00:37:22.954+05:30  INFO 20180 --- [PRODUCT-SERVICE] [main] o.s.b.w.embedded.tomcat.TomcatWebServer  : Tomcat initialized with port 8080 (http)
2026-07-17T00:37:23.013+05:30  INFO 20180 --- [PRODUCT-SERVICE] [main] w.s.c.ServletWebServerApplicationContext : Root WebApplicationContext: initialization completed in 1210 ms
2026-07-17T00:37:23.653+05:30  INFO 20180 --- [PRODUCT-SERVICE] [main] o.s.v.b.OptionalValidatorFactoryBean     : Failed to set up a Bean Validation provider: jakarta.validation.NoProviderFoundException: Unable to create a Configuration, because no Jakarta Bean Validation provider could be found. Add a provider like Hibernate Validator (RI) to your classpath.
2026-07-17T00:37:24.251+05:30  INFO 20180 --- [PRODUCT-SERVICE] [main] DiscoveryClientOptionalArgsConfiguration : Eureka HTTP Client uses RestTemplate.
2026-07-17T00:37:24.277+05:30  WARN 20180 --- [PRODUCT-SERVICE] [main] iguration$LoadBalancerCaffeineWarnLogger : Spring Cloud LoadBalancer is currently working with the default cache. While this cache implementation is useful for development and tests, it's recommended to use Caffeine cache in production.You can switch to using Caffeine cache, by adding it and org.springframework.cache.caffeine.CaffeineCacheManager to the classpath.
2026-07-17T00:37:24.294+05:30  INFO 20180 --- [PRODUCT-SERVICE] [main] o.s.c.n.eureka.InstanceInfoFactory       : Setting initial instance status as: STARTING
2026-07-17T00:37:24.559+05:30  INFO 20180 --- [PRODUCT-SERVICE] [main] o.s.c.n.e.s.EurekaServiceRegistry        : Registering application PRODUCT-SERVICE with eureka with status UP
2026-07-17T00:37:24.576+05:30  INFO 20180 --- [PRODUCT-SERVICE] [main] o.s.b.w.embedded.tomcat.TomcatWebServer  : Tomcat started on port 8080 (http) with context path '/'
2026-07-17T00:37:24.578+05:30  INFO 20180 --- [PRODUCT-SERVICE] [main] .s.c.n.e.s.EurekaAutoServiceRegistration : Updating port to 8080
2026-07-17T00:38:00.124+05:30  INFO 20180 --- [PRODUCT-SERVICE] [http-nio-8080-exec-7] o.s.web.servlet.DispatcherServlet        : Initializing Servlet 'dispatcherServlet'
2026-07-17T00:38:00.126+05:30  INFO 20180 --- [PRODUCT-SERVICE] [http-nio-8080-exec-7] o.s.web.servlet.DispatcherServlet        : Completed initialization in 1 ms
2026-07-17T00:38:00.489+05:30  INFO 20180 --- [PRODUCT-SERVICE] [http-nio-8080-exec-7] c.s.p.service.ProductService             : Fetching product from DB for id: 6a57b60c20a66d568c6c49ef
2026-07-17T00:40:13.258+05:30  INFO 20180 --- [PRODUCT-SERVICE] [SpringApplicationShutdownHook] o.s.c.n.e.s.EurekaServiceRegistry        : Unregistering application PRODUCT-SERVICE with eureka with status DOWN
2026-07-17T00:40:13.260+05:30  INFO 20180 --- [PRODUCT-SERVICE] [SpringApplicationShutdownHook] o.s.b.w.e.tomcat.GracefulShutdown        : Commencing graceful shutdown. Waiting for active requests to complete
2026-07-17T00:40:13.334+05:30  INFO 20180 --- [PRODUCT-SERVICE] [tomcat-shutdown] o.s.b.w.e.tomcat.GracefulShutdown        : Graceful shutdown complete
2026-07-17T00:40:49.171+05:30  INFO 4880 --- [PRODUCT-SERVICE] [main] .s.d.r.c.RepositoryConfigurationDelegate : Multiple Spring Data modules found, entering strict repository configuration mode
2026-07-17T00:40:49.173+05:30  INFO 4880 --- [PRODUCT-SERVICE] [main] .s.d.r.c.RepositoryConfigurationDelegate : Bootstrapping Spring Data MongoDB repositories in DEFAULT mode.
2026-07-17T00:40:49.254+05:30  INFO 4880 --- [PRODUCT-SERVICE] [main] .s.d.r.c.RepositoryConfigurationDelegate : Finished Spring Data repository scanning in 77 ms. Found 1 MongoDB repository interface.
2026-07-17T00:40:49.432+05:30  INFO 4880 --- [PRODUCT-SERVICE] [main] .s.d.r.c.RepositoryConfigurationDelegate : Multiple Spring Data modules found, entering strict repository configuration mode
2026-07-17T00:40:49.434+05:30  INFO 4880 --- [PRODUCT-SERVICE] [main] .s.d.r.c.RepositoryConfigurationDelegate : Bootstrapping Spring Data Redis repositories in DEFAULT mode.
2026-07-17T00:40:49.451+05:30  INFO 4880 --- [PRODUCT-SERVICE] [main] .RepositoryConfigurationExtensionSupport : Spring Data Redis - Could not safely identify store assignment for repository candidate interface com.skt.product_service.repository.ProductRepository; If you want this repository to be a Redis repository, consider annotating your entities with one of these annotations: org.springframework.data.redis.core.RedisHash (preferred), or consider extending one of the following types with your repository: org.springframework.data.keyvalue.repository.KeyValueRepository
2026-07-17T00:40:49.452+05:30  INFO 4880 --- [PRODUCT-SERVICE] [main] .s.d.r.c.RepositoryConfigurationDelegate : Finished Spring Data repository scanning in 13 ms. Found 0 Redis repository interfaces.
2026-07-17T00:40:49.611+05:30  INFO 4880 --- [PRODUCT-SERVICE] [main] o.s.cloud.context.scope.GenericScope     : BeanFactory id=0d5833fb-b5b0-3973-9c79-6d64c81c838c
2026-07-17T00:40:49.857+05:30  INFO 4880 --- [PRODUCT-SERVICE] [main] o.s.b.w.embedded.tomcat.TomcatWebServer  : Tomcat initialized with port 8080 (http)
2026-07-17T00:40:49.916+05:30  INFO 4880 --- [PRODUCT-SERVICE] [main] w.s.c.ServletWebServerApplicationContext : Root WebApplicationContext: initialization completed in 1092 ms
2026-07-17T00:40:50.557+05:30  INFO 4880 --- [PRODUCT-SERVICE] [main] o.s.v.b.OptionalValidatorFactoryBean     : Failed to set up a Bean Validation provider: jakarta.validation.NoProviderFoundException: Unable to create a Configuration, because no Jakarta Bean Validation provider could be found. Add a provider like Hibernate Validator (RI) to your classpath.
2026-07-17T00:40:51.219+05:30  INFO 4880 --- [PRODUCT-SERVICE] [main] DiscoveryClientOptionalArgsConfiguration : Eureka HTTP Client uses RestTemplate.
2026-07-17T00:40:51.246+05:30  WARN 4880 --- [PRODUCT-SERVICE] [main] iguration$LoadBalancerCaffeineWarnLogger : Spring Cloud LoadBalancer is currently working with the default cache. While this cache implementation is useful for development and tests, it's recommended to use Caffeine cache in production.You can switch to using Caffeine cache, by adding it and org.springframework.cache.caffeine.CaffeineCacheManager to the classpath.
2026-07-17T00:40:51.265+05:30  INFO 4880 --- [PRODUCT-SERVICE] [main] o.s.c.n.eureka.InstanceInfoFactory       : Setting initial instance status as: STARTING
2026-07-17T00:40:51.553+05:30  INFO 4880 --- [PRODUCT-SERVICE] [main] o.s.c.n.e.s.EurekaServiceRegistry        : Registering application PRODUCT-SERVICE with eureka with status UP
2026-07-17T00:40:51.570+05:30  INFO 4880 --- [PRODUCT-SERVICE] [main] o.s.b.w.embedded.tomcat.TomcatWebServer  : Tomcat started on port 8080 (http) with context path '/'
2026-07-17T00:40:51.572+05:30  INFO 4880 --- [PRODUCT-SERVICE] [main] .s.c.n.e.s.EurekaAutoServiceRegistration : Updating port to 8080
2026-07-17T00:40:55.698+05:30  INFO 4880 --- [PRODUCT-SERVICE] [http-nio-8080-exec-1] o.s.web.servlet.DispatcherServlet        : Initializing Servlet 'dispatcherServlet'
2026-07-17T00:40:55.700+05:30  INFO 4880 --- [PRODUCT-SERVICE] [http-nio-8080-exec-1] o.s.web.servlet.DispatcherServlet        : Completed initialization in 1 ms
2026-07-17T00:40:56.094+05:30  INFO 4880 --- [PRODUCT-SERVICE] [http-nio-8080-exec-1] c.s.p.service.ProductService             : Fetching product from DB for id: 6a57b60c20a66d568c6c49ef
2026-07-17T00:41:02.545+05:30 ERROR 4880 --- [PRODUCT-SERVICE] [http-nio-8080-exec-2] o.a.c.c.C.[.[.[/].[dispatcherServlet]    : Servlet.service() for servlet [dispatcherServlet] in context with path [] threw exception [Request processing failed: org.springframework.data.redis.serializer.SerializationException: Could not read JSON:Unexpected token (START_OBJECT), expected START_ARRAY: need Array value to contain `As.WRAPPER_ARRAY` type information for class java.lang.Object
 at [Source: REDACTED (`StreamReadFeature.INCLUDE_SOURCE_IN_LOCATION` disabled); line: 1, column: 1] ] with root cause

com.fasterxml.jackson.databind.exc.MismatchedInputException: Unexpected token (START_OBJECT), expected START_ARRAY: need Array value to contain `As.WRAPPER_ARRAY` type information for class java.lang.Object
 at [Source: REDACTED (`StreamReadFeature.INCLUDE_SOURCE_IN_LOCATION` disabled); line: 1, column: 1]
	at com.fasterxml.jackson.databind.exc.MismatchedInputException.from(MismatchedInputException.java:72) ~[jackson-databind-2.21.4.jar:2.21.4]
	at com.fasterxml.jackson.databind.DeserializationContext.wrongTokenException(DeserializationContext.java:1961) ~[jackson-databind-2.21.4.jar:2.21.4]
	at com.fasterxml.jackson.databind.DeserializationContext.reportWrongTokenException(DeserializationContext.java:1746) ~[jackson-databind-2.21.4.jar:2.21.4]
	at com.fasterxml.jackson.databind.jsontype.impl.AsArrayTypeDeserializer._locateTypeId(AsArrayTypeDeserializer.java:149) ~[jackson-databind-2.21.4.jar:2.21.4]
	at com.fasterxml.jackson.databind.jsontype.impl.AsArrayTypeDeserializer._deserialize(AsArrayTypeDeserializer.java:98) ~[jackson-databind-2.21.4.jar:2.21.4]
	at com.fasterxml.jackson.databind.jsontype.impl.AsArrayTypeDeserializer.deserializeTypedFromAny(AsArrayTypeDeserializer.java:73) ~[jackson-databind-2.21.4.jar:2.21.4]
	at com.fasterxml.jackson.databind.deser.std.UntypedObjectDeserializerNR.deserializeWithType(UntypedObjectDeserializerNR.java:111) ~[jackson-databind-2.21.4.jar:2.21.4]
	at com.fasterxml.jackson.databind.deser.impl.TypeWrappedDeserializer.deserialize(TypeWrappedDeserializer.java:74) ~[jackson-databind-2.21.4.jar:2.21.4]
	at com.fasterxml.jackson.databind.deser.DefaultDeserializationContext.readRootValue(DefaultDeserializationContext.java:342) ~[jackson-databind-2.21.4.jar:2.21.4]
	at com.fasterxml.jackson.databind.ObjectMapper._readMapAndClose(ObjectMapper.java:5052) ~[jackson-databind-2.21.4.jar:2.21.4]
	at com.fasterxml.jackson.databind.ObjectMapper.readValue(ObjectMapper.java:4056) ~[jackson-databind-2.21.4.jar:2.21.4]
	at org.springframework.data.redis.serializer.JacksonObjectReader.lambda$create$0(JacksonObjectReader.java:54) ~[spring-data-redis-3.5.12.jar:3.5.12]
	at org.springframework.data.redis.serializer.GenericJackson2JsonRedisSerializer.deserialize(GenericJackson2JsonRedisSerializer.java:309) ~[spring-data-redis-3.5.12.jar:3.5.12]
	at org.springframework.data.redis.serializer.GenericJackson2JsonRedisSerializer.deserialize(GenericJackson2JsonRedisSerializer.java:281) ~[spring-data-redis-3.5.12.jar:3.5.12]
	at org.springframework.data.redis.serializer.DefaultRedisElementReader.read(DefaultRedisElementReader.java:46) ~[spring-data-redis-3.5.12.jar:3.5.12]
	at org.springframework.data.redis.serializer.RedisSerializationContext$SerializationPair.read(RedisSerializationContext.java:277) ~[spring-data-redis-3.5.12.jar:3.5.12]
	at org.springframework.data.redis.cache.RedisCache.deserializeCacheValue(RedisCache.java:361) ~[spring-data-redis-3.5.12.jar:3.5.12]
	at org.springframework.data.redis.cache.RedisCache.lookup(RedisCache.java:187) ~[spring-data-redis-3.5.12.jar:3.5.12]
	at org.springframework.cache.support.AbstractValueAdaptingCache.get(AbstractValueAdaptingCache.java:58) ~[spring-context-6.2.19.jar:6.2.19]
	at org.springframework.cache.interceptor.AbstractCacheInvoker.doGet(AbstractCacheInvoker.java:78) ~[spring-context-6.2.19.jar:6.2.19]
	at org.springframework.cache.interceptor.CacheAspectSupport.findInCaches(CacheAspectSupport.java:576) ~[spring-context-6.2.19.jar:6.2.19]
	at org.springframework.cache.interceptor.CacheAspectSupport.findCachedValue(CacheAspectSupport.java:525) ~[spring-context-6.2.19.jar:6.2.19]
	at org.springframework.cache.interceptor.CacheAspectSupport.execute(CacheAspectSupport.java:448) ~[spring-context-6.2.19.jar:6.2.19]
	at org.springframework.cache.interceptor.CacheAspectSupport.execute(CacheAspectSupport.java:412) ~[spring-context-6.2.19.jar:6.2.19]
	at org.springframework.cache.interceptor.CacheInterceptor.invoke(CacheInterceptor.java:65) ~[spring-context-6.2.19.jar:6.2.19]
	at org.springframework.aop.framework.ReflectiveMethodInvocation.proceed(ReflectiveMethodInvocation.java:184) ~[spring-aop-6.2.19.jar:6.2.19]
	at org.springframework.aop.framework.CglibAopProxy$DynamicAdvisedInterceptor.intercept(CglibAopProxy.java:728) ~[spring-aop-6.2.19.jar:6.2.19]
	at com.skt.product_service.service.ProductService$$SpringCGLIB$$0.getProductById(<generated>) ~[classes/:na]
	at com.skt.product_service.controller.ProductController.getProduct(ProductController.java:62) ~[classes/:na]
	at java.base/jdk.internal.reflect.NativeMethodAccessorImpl.invoke0(Native Method) ~[na:na]
	at java.base/jdk.internal.reflect.NativeMethodAccessorImpl.invoke(NativeMethodAccessorImpl.java:77) ~[na:na]
	at java.base/jdk.internal.reflect.DelegatingMethodAccessorImpl.invoke(DelegatingMethodAccessorImpl.java:43) ~[na:na]
	at java.base/java.lang.reflect.Method.invoke(Method.java:568) ~[na:na]
	at org.springframework.web.method.support.InvocableHandlerMethod.doInvoke(InvocableHandlerMethod.java:258) ~[spring-web-6.2.19.jar:6.2.19]
	at org.springframework.web.method.support.InvocableHandlerMethod.invokeForRequest(InvocableHandlerMethod.java:191) ~[spring-web-6.2.19.jar:6.2.19]
	at org.springframework.web.servlet.mvc.method.annotation.ServletInvocableHandlerMethod.invokeAndHandle(ServletInvocableHandlerMethod.java:118) ~[spring-webmvc-6.2.19.jar:6.2.19]
	at org.springframework.web.servlet.mvc.method.annotation.RequestMappingHandlerAdapter.invokeHandlerMethod(RequestMappingHandlerAdapter.java:991) ~[spring-webmvc-6.2.19.jar:6.2.19]
	at org.springframework.web.servlet.mvc.method.annotation.RequestMappingHandlerAdapter.handleInternal(RequestMappingHandlerAdapter.java:896) ~[spring-webmvc-6.2.19.jar:6.2.19]
	at org.springframework.web.servlet.mvc.method.AbstractHandlerMethodAdapter.handle(AbstractHandlerMethodAdapter.java:87) ~[spring-webmvc-6.2.19.jar:6.2.19]
	at org.springframework.web.servlet.DispatcherServlet.doDispatch(DispatcherServlet.java:1089) ~[spring-webmvc-6.2.19.jar:6.2.19]
	at org.springframework.web.servlet.DispatcherServlet.doService(DispatcherServlet.java:979) ~[spring-webmvc-6.2.19.jar:6.2.19]
	at org.springframework.web.servlet.FrameworkServlet.processRequest(FrameworkServlet.java:1014) ~[spring-webmvc-6.2.19.jar:6.2.19]
	at org.springframework.web.servlet.FrameworkServlet.doGet(FrameworkServlet.java:903) ~[spring-webmvc-6.2.19.jar:6.2.19]
	at jakarta.servlet.http.HttpServlet.service(HttpServlet.java:564) ~[tomcat-embed-core-10.1.55.jar:6.0]
	at org.springframework.web.servlet.FrameworkServlet.service(FrameworkServlet.java:885) ~[spring-webmvc-6.2.19.jar:6.2.19]
	at jakarta.servlet.http.HttpServlet.service(HttpServlet.java:658) ~[tomcat-embed-core-10.1.55.jar:6.0]
	at org.apache.catalina.core.ApplicationFilterChain.internalDoFilter(ApplicationFilterChain.java:193) ~[tomcat-embed-core-10.1.55.jar:10.1.55]
	at org.apache.catalina.core.ApplicationFilterChain.doFilter(ApplicationFilterChain.java:138) ~[tomcat-embed-core-10.1.55.jar:10.1.55]
	at org.apache.tomcat.websocket.server.WsFilter.doFilter(WsFilter.java:51) ~[tomcat-embed-websocket-10.1.55.jar:10.1.55]
	at org.apache.catalina.core.ApplicationFilterChain.internalDoFilter(ApplicationFilterChain.java:162) ~[tomcat-embed-core-10.1.55.jar:10.1.55]
	at org.apache.catalina.core.ApplicationFilterChain.doFilter(ApplicationFilterChain.java:138) ~[tomcat-embed-core-10.1.55.jar:10.1.55]
	at org.springframework.web.filter.RequestContextFilter.doFilterInternal(RequestContextFilter.java:100) ~[spring-web-6.2.19.jar:6.2.19]
	at org.springframework.web.filter.OncePerRequestFilter.doFilter(OncePerRequestFilter.java:116) ~[spring-web-6.2.19.jar:6.2.19]
	at org.apache.catalina.core.ApplicationFilterChain.internalDoFilter(ApplicationFilterChain.java:162) ~[tomcat-embed-core-10.1.55.jar:10.1.55]
	at org.apache.catalina.core.ApplicationFilterChain.doFilter(ApplicationFilterChain.java:138) ~[tomcat-embed-core-10.1.55.jar:10.1.55]
	at org.springframework.web.filter.FormContentFilter.doFilterInternal(FormContentFilter.java:93) ~[spring-web-6.2.19.jar:6.2.19]
	at org.springframework.web.filter.OncePerRequestFilter.doFilter(OncePerRequestFilter.java:116) ~[spring-web-6.2.19.jar:6.2.19]
	at org.apache.catalina.core.ApplicationFilterChain.internalDoFilter(ApplicationFilterChain.java:162) ~[tomcat-embed-core-10.1.55.jar:10.1.55]
	at org.apache.catalina.core.ApplicationFilterChain.doFilter(ApplicationFilterChain.java:138) ~[tomcat-embed-core-10.1.55.jar:10.1.55]
	at org.springframework.web.filter.CharacterEncodingFilter.doFilterInternal(CharacterEncodingFilter.java:201) ~[spring-web-6.2.19.jar:6.2.19]
	at org.springframework.web.filter.OncePerRequestFilter.doFilter(OncePerRequestFilter.java:116) ~[spring-web-6.2.19.jar:6.2.19]
	at org.apache.catalina.core.ApplicationFilterChain.internalDoFilter(ApplicationFilterChain.java:162) ~[tomcat-embed-core-10.1.55.jar:10.1.55]
	at org.apache.catalina.core.ApplicationFilterChain.doFilter(ApplicationFilterChain.java:138) ~[tomcat-embed-core-10.1.55.jar:10.1.55]
	at org.apache.catalina.core.StandardWrapperValve.invoke(StandardWrapperValve.java:165) ~[tomcat-embed-core-10.1.55.jar:10.1.55]
	at org.apache.catalina.core.StandardContextValve.invoke(StandardContextValve.java:88) ~[tomcat-embed-core-10.1.55.jar:10.1.55]
	at org.apache.catalina.authenticator.AuthenticatorBase.invoke(AuthenticatorBase.java:492) ~[tomcat-embed-core-10.1.55.jar:10.1.55]
	at org.apache.catalina.core.StandardHostValve.invoke(StandardHostValve.java:113) ~[tomcat-embed-core-10.1.55.jar:10.1.55]
	at org.apache.catalina.valves.ErrorReportValve.invoke(ErrorReportValve.java:83) ~[tomcat-embed-core-10.1.55.jar:10.1.55]
	at org.apache.catalina.core.StandardEngineValve.invoke(StandardEngineValve.java:72) ~[tomcat-embed-core-10.1.55.jar:10.1.55]
	at org.apache.catalina.connector.CoyoteAdapter.service(CoyoteAdapter.java:342) ~[tomcat-embed-core-10.1.55.jar:10.1.55]
	at org.apache.coyote.http11.Http11Processor.service(Http11Processor.java:399) ~[tomcat-embed-core-10.1.55.jar:10.1.55]
	at org.apache.coyote.AbstractProcessorLight.process(AbstractProcessorLight.java:63) ~[tomcat-embed-core-10.1.55.jar:10.1.55]
	at org.apache.coyote.AbstractProtocol$ConnectionHandler.process(AbstractProtocol.java:1272) ~[tomcat-embed-core-10.1.55.jar:10.1.55]
	at org.apache.tomcat.util.net.NioEndpoint$SocketProcessor.doRun(NioEndpoint.java:1797) ~[tomcat-embed-core-10.1.55.jar:10.1.55]
	at org.apache.tomcat.util.net.SocketProcessorBase.run(SocketProcessorBase.java:52) ~[tomcat-embed-core-10.1.55.jar:10.1.55]
	at org.apache.tomcat.util.threads.ThreadPoolExecutor.runWorker(ThreadPoolExecutor.java:973) ~[tomcat-embed-core-10.1.55.jar:10.1.55]
	at org.apache.tomcat.util.threads.ThreadPoolExecutor$Worker.run(ThreadPoolExecutor.java:491) ~[tomcat-embed-core-10.1.55.jar:10.1.55]
	at org.apache.tomcat.util.threads.TaskThread$WrappingRunnable.run(TaskThread.java:63) ~[tomcat-embed-core-10.1.55.jar:10.1.55]
	at java.base/java.lang.Thread.run(Thread.java:842) ~[na:na]

2026-07-17T00:44:18.211+05:30  INFO 4880 --- [PRODUCT-SERVICE] [http-nio-8080-exec-3] c.s.p.service.ProductService             : New LAPTOP Created Successfully with ID: 6a592d8a7a58d5fd4918b638
2026-07-17T00:44:45.135+05:30  INFO 30360 --- [PRODUCT-SERVICE] [main] .s.d.r.c.RepositoryConfigurationDelegate : Multiple Spring Data modules found, entering strict repository configuration mode
2026-07-17T00:44:45.136+05:30  INFO 30360 --- [PRODUCT-SERVICE] [main] .s.d.r.c.RepositoryConfigurationDelegate : Bootstrapping Spring Data MongoDB repositories in DEFAULT mode.
2026-07-17T00:44:45.230+05:30  INFO 30360 --- [PRODUCT-SERVICE] [main] .s.d.r.c.RepositoryConfigurationDelegate : Finished Spring Data repository scanning in 90 ms. Found 1 MongoDB repository interface.
2026-07-17T00:44:45.430+05:30  INFO 30360 --- [PRODUCT-SERVICE] [main] .s.d.r.c.RepositoryConfigurationDelegate : Multiple Spring Data modules found, entering strict repository configuration mode
2026-07-17T00:44:45.431+05:30  INFO 30360 --- [PRODUCT-SERVICE] [main] .s.d.r.c.RepositoryConfigurationDelegate : Bootstrapping Spring Data Redis repositories in DEFAULT mode.
2026-07-17T00:44:45.450+05:30  INFO 30360 --- [PRODUCT-SERVICE] [main] .RepositoryConfigurationExtensionSupport : Spring Data Redis - Could not safely identify store assignment for repository candidate interface com.skt.product_service.repository.ProductRepository; If you want this repository to be a Redis repository, consider annotating your entities with one of these annotations: org.springframework.data.redis.core.RedisHash (preferred), or consider extending one of the following types with your repository: org.springframework.data.keyvalue.repository.KeyValueRepository
2026-07-17T00:44:45.450+05:30  INFO 30360 --- [PRODUCT-SERVICE] [main] .s.d.r.c.RepositoryConfigurationDelegate : Finished Spring Data repository scanning in 12 ms. Found 0 Redis repository interfaces.
2026-07-17T00:44:45.632+05:30  INFO 30360 --- [PRODUCT-SERVICE] [main] o.s.cloud.context.scope.GenericScope     : BeanFactory id=0d5833fb-b5b0-3973-9c79-6d64c81c838c
2026-07-17T00:44:45.946+05:30  INFO 30360 --- [PRODUCT-SERVICE] [main] o.s.b.w.embedded.tomcat.TomcatWebServer  : Tomcat initialized with port 8080 (http)
2026-07-17T00:44:46.027+05:30  INFO 30360 --- [PRODUCT-SERVICE] [main] w.s.c.ServletWebServerApplicationContext : Root WebApplicationContext: initialization completed in 1353 ms
2026-07-17T00:44:46.747+05:30  INFO 30360 --- [PRODUCT-SERVICE] [main] o.s.v.b.OptionalValidatorFactoryBean     : Failed to set up a Bean Validation provider: jakarta.validation.NoProviderFoundException: Unable to create a Configuration, because no Jakarta Bean Validation provider could be found. Add a provider like Hibernate Validator (RI) to your classpath.
2026-07-17T00:44:47.447+05:30  INFO 30360 --- [PRODUCT-SERVICE] [main] DiscoveryClientOptionalArgsConfiguration : Eureka HTTP Client uses RestTemplate.
2026-07-17T00:44:47.480+05:30  WARN 30360 --- [PRODUCT-SERVICE] [main] iguration$LoadBalancerCaffeineWarnLogger : Spring Cloud LoadBalancer is currently working with the default cache. While this cache implementation is useful for development and tests, it's recommended to use Caffeine cache in production.You can switch to using Caffeine cache, by adding it and org.springframework.cache.caffeine.CaffeineCacheManager to the classpath.
2026-07-17T00:44:47.498+05:30  INFO 30360 --- [PRODUCT-SERVICE] [main] o.s.c.n.eureka.InstanceInfoFactory       : Setting initial instance status as: STARTING
2026-07-17T00:44:47.835+05:30  INFO 30360 --- [PRODUCT-SERVICE] [main] o.s.c.n.e.s.EurekaServiceRegistry        : Registering application PRODUCT-SERVICE with eureka with status UP
2026-07-17T00:44:47.847+05:30  INFO 30360 --- [PRODUCT-SERVICE] [main] o.s.c.n.e.s.EurekaServiceRegistry        : Unregistering application PRODUCT-SERVICE with eureka with status DOWN
2026-07-17T00:44:47.848+05:30  WARN 30360 --- [PRODUCT-SERVICE] [main] ConfigServletWebServerApplicationContext : Exception encountered during context initialization - cancelling refresh attempt: org.springframework.context.ApplicationContextException: Failed to start bean 'webServerStartStop'
2026-07-17T00:44:47.885+05:30  INFO 30360 --- [PRODUCT-SERVICE] [main] .s.b.a.l.ConditionEvaluationReportLogger : 

Error starting ApplicationContext. To display the condition evaluation report re-run your application with 'debug' enabled.
2026-07-17T00:44:47.898+05:30 ERROR 30360 --- [PRODUCT-SERVICE] [main] o.s.b.d.LoggingFailureAnalysisReporter   : 

***************************
APPLICATION FAILED TO START
***************************

Description:

Web server failed to start. Port 8080 was already in use.

Action:

Identify and stop the process that's listening on port 8080 or configure this application to listen on another port.

2026-07-17T00:45:07.592+05:30  INFO 4880 --- [PRODUCT-SERVICE] [SpringApplicationShutdownHook] o.s.c.n.e.s.EurekaServiceRegistry        : Unregistering application PRODUCT-SERVICE with eureka with status DOWN
2026-07-17T00:45:07.595+05:30  INFO 4880 --- [PRODUCT-SERVICE] [SpringApplicationShutdownHook] o.s.b.w.e.tomcat.GracefulShutdown        : Commencing graceful shutdown. Waiting for active requests to complete
2026-07-17T00:45:07.670+05:30  INFO 4880 --- [PRODUCT-SERVICE] [tomcat-shutdown] o.s.b.w.e.tomcat.GracefulShutdown        : Graceful shutdown complete
2026-07-17T00:45:16.254+05:30  INFO 2272 --- [PRODUCT-SERVICE] [main] .s.d.r.c.RepositoryConfigurationDelegate : Multiple Spring Data modules found, entering strict repository configuration mode
2026-07-17T00:45:16.256+05:30  INFO 2272 --- [PRODUCT-SERVICE] [main] .s.d.r.c.RepositoryConfigurationDelegate : Bootstrapping Spring Data MongoDB repositories in DEFAULT mode.
2026-07-17T00:45:16.352+05:30  INFO 2272 --- [PRODUCT-SERVICE] [main] .s.d.r.c.RepositoryConfigurationDelegate : Finished Spring Data repository scanning in 90 ms. Found 1 MongoDB repository interface.
2026-07-17T00:45:16.547+05:30  INFO 2272 --- [PRODUCT-SERVICE] [main] .s.d.r.c.RepositoryConfigurationDelegate : Multiple Spring Data modules found, entering strict repository configuration mode
2026-07-17T00:45:16.548+05:30  INFO 2272 --- [PRODUCT-SERVICE] [main] .s.d.r.c.RepositoryConfigurationDelegate : Bootstrapping Spring Data Redis repositories in DEFAULT mode.
2026-07-17T00:45:16.567+05:30  INFO 2272 --- [PRODUCT-SERVICE] [main] .RepositoryConfigurationExtensionSupport : Spring Data Redis - Could not safely identify store assignment for repository candidate interface com.skt.product_service.repository.ProductRepository; If you want this repository to be a Redis repository, consider annotating your entities with one of these annotations: org.springframework.data.redis.core.RedisHash (preferred), or consider extending one of the following types with your repository: org.springframework.data.keyvalue.repository.KeyValueRepository
2026-07-17T00:45:16.567+05:30  INFO 2272 --- [PRODUCT-SERVICE] [main] .s.d.r.c.RepositoryConfigurationDelegate : Finished Spring Data repository scanning in 12 ms. Found 0 Redis repository interfaces.
2026-07-17T00:45:16.743+05:30  INFO 2272 --- [PRODUCT-SERVICE] [main] o.s.cloud.context.scope.GenericScope     : BeanFactory id=0d5833fb-b5b0-3973-9c79-6d64c81c838c
2026-07-17T00:45:17.078+05:30  INFO 2272 --- [PRODUCT-SERVICE] [main] o.s.b.w.embedded.tomcat.TomcatWebServer  : Tomcat initialized with port 8080 (http)
2026-07-17T00:45:17.160+05:30  INFO 2272 --- [PRODUCT-SERVICE] [main] w.s.c.ServletWebServerApplicationContext : Root WebApplicationContext: initialization completed in 1325 ms
2026-07-17T00:45:17.914+05:30  INFO 2272 --- [PRODUCT-SERVICE] [main] o.s.v.b.OptionalValidatorFactoryBean     : Failed to set up a Bean Validation provider: jakarta.validation.NoProviderFoundException: Unable to create a Configuration, because no Jakarta Bean Validation provider could be found. Add a provider like Hibernate Validator (RI) to your classpath.
2026-07-17T00:45:18.659+05:30  INFO 2272 --- [PRODUCT-SERVICE] [main] DiscoveryClientOptionalArgsConfiguration : Eureka HTTP Client uses RestTemplate.
2026-07-17T00:45:18.683+05:30  WARN 2272 --- [PRODUCT-SERVICE] [main] iguration$LoadBalancerCaffeineWarnLogger : Spring Cloud LoadBalancer is currently working with the default cache. While this cache implementation is useful for development and tests, it's recommended to use Caffeine cache in production.You can switch to using Caffeine cache, by adding it and org.springframework.cache.caffeine.CaffeineCacheManager to the classpath.
2026-07-17T00:45:18.702+05:30  INFO 2272 --- [PRODUCT-SERVICE] [main] o.s.c.n.eureka.InstanceInfoFactory       : Setting initial instance status as: STARTING
2026-07-17T00:45:19.037+05:30  INFO 2272 --- [PRODUCT-SERVICE] [main] o.s.c.n.e.s.EurekaServiceRegistry        : Registering application PRODUCT-SERVICE with eureka with status UP
2026-07-17T00:45:19.056+05:30  INFO 2272 --- [PRODUCT-SERVICE] [main] o.s.b.w.embedded.tomcat.TomcatWebServer  : Tomcat started on port 8080 (http) with context path '/'
2026-07-17T00:45:19.057+05:30  INFO 2272 --- [PRODUCT-SERVICE] [main] .s.c.n.e.s.EurekaAutoServiceRegistration : Updating port to 8080
2026-07-17T00:45:24.894+05:30  INFO 2272 --- [PRODUCT-SERVICE] [http-nio-8080-exec-1] o.s.web.servlet.DispatcherServlet        : Initializing Servlet 'dispatcherServlet'
2026-07-17T00:45:24.895+05:30  INFO 2272 --- [PRODUCT-SERVICE] [http-nio-8080-exec-1] o.s.web.servlet.DispatcherServlet        : Completed initialization in 1 ms
2026-07-17T00:45:45.413+05:30  INFO 2272 --- [PRODUCT-SERVICE] [http-nio-8080-exec-1] c.s.p.service.ProductService             : Fetching product from DB for id: 6a592d8a7a58d5fd4918b638
2026-07-17T01:02:54.322+05:30  WARN 2272 --- [PRODUCT-SERVICE] [DiscoveryClient-%d] c.netflix.discovery.TimedSupervisorTask  : task supervisor timed out

java.util.concurrent.TimeoutException
	at java.base/java.util.concurrent.FutureTask.get(FutureTask.java:204) ~[na:na]
	at com.netflix.discovery.TimedSupervisorTask.run(TimedSupervisorTask.java:65) ~[eureka-client-2.0.6.jar:2.0.6]
	at java.base/java.util.concurrent.Executors$RunnableAdapter.call(Executors.java:539) ~[na:na]
	at java.base/java.util.concurrent.FutureTask.run$$$capture(FutureTask.java:264) ~[na:na]
	at java.base/java.util.concurrent.FutureTask.run(FutureTask.java) ~[na:na]
	at java.base/java.util.concurrent.ScheduledThreadPoolExecutor$ScheduledFutureTask.run(ScheduledThreadPoolExecutor.java:304) ~[na:na]
	at java.base/java.util.concurrent.ThreadPoolExecutor.runWorker(ThreadPoolExecutor.java:1136) ~[na:na]
	at java.base/java.util.concurrent.ThreadPoolExecutor$Worker.run(ThreadPoolExecutor.java:635) ~[na:na]
	at java.base/java.lang.Thread.run(Thread.java:842) ~[na:na]

2026-07-17T01:02:54.322+05:30  WARN 2272 --- [PRODUCT-SERVICE] [DiscoveryClient-%d] c.netflix.discovery.TimedSupervisorTask  : task supervisor timed out

java.util.concurrent.TimeoutException
	at java.base/java.util.concurrent.FutureTask.get(FutureTask.java:204) ~[na:na]
	at com.netflix.discovery.TimedSupervisorTask.run(TimedSupervisorTask.java:65) ~[eureka-client-2.0.6.jar:2.0.6]
	at java.base/java.util.concurrent.Executors$RunnableAdapter.call(Executors.java:539) ~[na:na]
	at java.base/java.util.concurrent.FutureTask.run$$$capture(FutureTask.java:264) ~[na:na]
	at java.base/java.util.concurrent.FutureTask.run(FutureTask.java) ~[na:na]
	at java.base/java.util.concurrent.ScheduledThreadPoolExecutor$ScheduledFutureTask.run(ScheduledThreadPoolExecutor.java:304) ~[na:na]
	at java.base/java.util.concurrent.ThreadPoolExecutor.runWorker(ThreadPoolExecutor.java:1136) ~[na:na]
	at java.base/java.util.concurrent.ThreadPoolExecutor$Worker.run(ThreadPoolExecutor.java:635) ~[na:na]
	at java.base/java.lang.Thread.run(Thread.java:842) ~[na:na]

2026-07-17T01:02:54.333+05:30  WARN 2272 --- [PRODUCT-SERVICE] [DiscoveryClient-CacheRefreshExecutor-%d] c.n.d.s.t.d.RetryableEurekaHttpClient    : Request execution failed with message: null
2026-07-17T01:02:54.336+05:30  WARN 2272 --- [PRODUCT-SERVICE] [DiscoveryClient-HeartbeatExecutor-%d] c.n.d.s.t.d.RetryableEurekaHttpClient    : Request execution failed with message: null
2026-07-17T01:02:54.343+05:30  WARN 2272 --- [PRODUCT-SERVICE] [DiscoveryClient-CacheRefreshExecutor-%d] c.n.d.s.t.d.RetryableEurekaHttpClient    : Request execution failed with message: null
2026-07-17T01:02:54.344+05:30  WARN 2272 --- [PRODUCT-SERVICE] [DiscoveryClient-HeartbeatExecutor-%d] c.n.d.s.t.d.RetryableEurekaHttpClient    : Request execution failed with message: null
2026-07-17T01:02:54.344+05:30 ERROR 2272 --- [PRODUCT-SERVICE] [DiscoveryClient-HeartbeatExecutor-%d] com.netflix.discovery.DiscoveryClient    : DiscoveryClient_PRODUCT-SERVICE/DESKTOP-0RHGPG3:PRODUCT-SERVICE:8080 - was unable to send heartbeat!

com.netflix.discovery.shared.transport.TransportException: Cannot execute request on any known server
	at com.netflix.discovery.shared.transport.decorator.RetryableEurekaHttpClient.execute(RetryableEurekaHttpClient.java:112) ~[eureka-client-2.0.6.jar:2.0.6]
	at com.netflix.discovery.shared.transport.decorator.EurekaHttpClientDecorator.sendHeartBeat(EurekaHttpClientDecorator.java:89) ~[eureka-client-2.0.6.jar:2.0.6]
	at com.netflix.discovery.shared.transport.decorator.EurekaHttpClientDecorator$3.execute(EurekaHttpClientDecorator.java:92) ~[eureka-client-2.0.6.jar:2.0.6]
	at com.netflix.discovery.shared.transport.decorator.SessionedEurekaHttpClient.execute(SessionedEurekaHttpClient.java:76) ~[eureka-client-2.0.6.jar:2.0.6]
	at com.netflix.discovery.shared.transport.decorator.EurekaHttpClientDecorator.sendHeartBeat(EurekaHttpClientDecorator.java:89) ~[eureka-client-2.0.6.jar:2.0.6]
	at com.netflix.discovery.DiscoveryClient.renew(DiscoveryClient.java:860) ~[eureka-client-2.0.6.jar:2.0.6]
	at com.netflix.discovery.DiscoveryClient$HeartbeatThread.run(DiscoveryClient.java:1418) ~[eureka-client-2.0.6.jar:2.0.6]
	at java.base/java.util.concurrent.Executors$RunnableAdapter.call(Executors.java:539) ~[na:na]
	at java.base/java.util.concurrent.FutureTask.run$$$capture(FutureTask.java:264) ~[na:na]
	at java.base/java.util.concurrent.FutureTask.run(FutureTask.java) ~[na:na]
	at java.base/java.util.concurrent.ThreadPoolExecutor.runWorker(ThreadPoolExecutor.java:1136) ~[na:na]
	at java.base/java.util.concurrent.ThreadPoolExecutor$Worker.run(ThreadPoolExecutor.java:635) ~[na:na]
	at java.base/java.lang.Thread.run(Thread.java:842) ~[na:na]

2026-07-17T01:02:54.356+05:30  INFO 2272 --- [PRODUCT-SERVICE] [SpringApplicationShutdownHook] o.s.c.n.e.s.EurekaServiceRegistry        : Unregistering application PRODUCT-SERVICE with eureka with status DOWN
2026-07-17T01:02:54.360+05:30  INFO 2272 --- [PRODUCT-SERVICE] [SpringApplicationShutdownHook] o.s.b.w.e.tomcat.GracefulShutdown        : Commencing graceful shutdown. Waiting for active requests to complete
2026-07-17T01:02:54.448+05:30  INFO 2272 --- [PRODUCT-SERVICE] [tomcat-shutdown] o.s.b.w.e.tomcat.GracefulShutdown        : Graceful shutdown complete
2026-07-17T01:03:40.895+05:30  INFO 8264 --- [PRODUCT-SERVICE] [main] .s.d.r.c.RepositoryConfigurationDelegate : Multiple Spring Data modules found, entering strict repository configuration mode
2026-07-17T01:03:40.897+05:30  INFO 8264 --- [PRODUCT-SERVICE] [main] .s.d.r.c.RepositoryConfigurationDelegate : Bootstrapping Spring Data MongoDB repositories in DEFAULT mode.
2026-07-17T01:03:40.985+05:30  INFO 8264 --- [PRODUCT-SERVICE] [main] .s.d.r.c.RepositoryConfigurationDelegate : Finished Spring Data repository scanning in 83 ms. Found 1 MongoDB repository interface.
2026-07-17T01:03:41.175+05:30  INFO 8264 --- [PRODUCT-SERVICE] [main] .s.d.r.c.RepositoryConfigurationDelegate : Multiple Spring Data modules found, entering strict repository configuration mode
2026-07-17T01:03:41.176+05:30  INFO 8264 --- [PRODUCT-SERVICE] [main] .s.d.r.c.RepositoryConfigurationDelegate : Bootstrapping Spring Data Redis repositories in DEFAULT mode.
2026-07-17T01:03:41.194+05:30  INFO 8264 --- [PRODUCT-SERVICE] [main] .RepositoryConfigurationExtensionSupport : Spring Data Redis - Could not safely identify store assignment for repository candidate interface com.skt.product_service.repository.ProductRepository; If you want this repository to be a Redis repository, consider annotating your entities with one of these annotations: org.springframework.data.redis.core.RedisHash (preferred), or consider extending one of the following types with your repository: org.springframework.data.keyvalue.repository.KeyValueRepository
2026-07-17T01:03:41.195+05:30  INFO 8264 --- [PRODUCT-SERVICE] [main] .s.d.r.c.RepositoryConfigurationDelegate : Finished Spring Data repository scanning in 12 ms. Found 0 Redis repository interfaces.
2026-07-17T01:03:41.369+05:30  INFO 8264 --- [PRODUCT-SERVICE] [main] o.s.cloud.context.scope.GenericScope     : BeanFactory id=0d5833fb-b5b0-3973-9c79-6d64c81c838c
2026-07-17T01:03:41.671+05:30  INFO 8264 --- [PRODUCT-SERVICE] [main] o.s.b.w.embedded.tomcat.TomcatWebServer  : Tomcat initialized with port 8080 (http)
2026-07-17T01:03:41.738+05:30  INFO 8264 --- [PRODUCT-SERVICE] [main] w.s.c.ServletWebServerApplicationContext : Root WebApplicationContext: initialization completed in 1241 ms
2026-07-17T01:03:42.448+05:30  INFO 8264 --- [PRODUCT-SERVICE] [main] o.s.v.b.OptionalValidatorFactoryBean     : Failed to set up a Bean Validation provider: jakarta.validation.NoProviderFoundException: Unable to create a Configuration, because no Jakarta Bean Validation provider could be found. Add a provider like Hibernate Validator (RI) to your classpath.
2026-07-17T01:03:43.168+05:30  INFO 8264 --- [PRODUCT-SERVICE] [main] DiscoveryClientOptionalArgsConfiguration : Eureka HTTP Client uses RestTemplate.
2026-07-17T01:03:43.200+05:30  WARN 8264 --- [PRODUCT-SERVICE] [main] iguration$LoadBalancerCaffeineWarnLogger : Spring Cloud LoadBalancer is currently working with the default cache. While this cache implementation is useful for development and tests, it's recommended to use Caffeine cache in production.You can switch to using Caffeine cache, by adding it and org.springframework.cache.caffeine.CaffeineCacheManager to the classpath.
2026-07-17T01:03:43.218+05:30  INFO 8264 --- [PRODUCT-SERVICE] [main] o.s.c.n.eureka.InstanceInfoFactory       : Setting initial instance status as: STARTING
2026-07-17T01:03:43.543+05:30  INFO 8264 --- [PRODUCT-SERVICE] [main] o.s.c.n.e.s.EurekaServiceRegistry        : Registering application PRODUCT-SERVICE with eureka with status UP
2026-07-17T01:03:43.562+05:30  INFO 8264 --- [PRODUCT-SERVICE] [main] o.s.b.w.embedded.tomcat.TomcatWebServer  : Tomcat started on port 8080 (http) with context path '/'
2026-07-17T01:03:43.563+05:30  INFO 8264 --- [PRODUCT-SERVICE] [main] .s.c.n.e.s.EurekaAutoServiceRegistration : Updating port to 8080
2026-07-17T01:03:51.442+05:30  INFO 8264 --- [PRODUCT-SERVICE] [http-nio-8080-exec-1] o.s.web.servlet.DispatcherServlet        : Initializing Servlet 'dispatcherServlet'
2026-07-17T01:03:51.444+05:30  INFO 8264 --- [PRODUCT-SERVICE] [http-nio-8080-exec-1] o.s.web.servlet.DispatcherServlet        : Completed initialization in 1 ms
2026-07-17T01:03:51.566+05:30  INFO 8264 --- [PRODUCT-SERVICE] [http-nio-8080-exec-1] c.s.p.service.ProductService             : New LAPTOP Created Successfully with ID: 6a59321fb1eda695a21c0547
2026-07-17T01:04:06.700+05:30  INFO 8264 --- [PRODUCT-SERVICE] [http-nio-8080-exec-3] c.s.p.service.ProductService             : Fetching product from DB for id: 6a59321fb1eda695a21c0547
2026-07-17T01:04:59.319+05:30 ERROR 8264 --- [PRODUCT-SERVICE] [http-nio-8080-exec-2] o.a.c.c.C.[.[.[/].[dispatcherServlet]    : Servlet.service() for servlet [dispatcherServlet] in context with path [] threw exception [Request processing failed: org.springframework.data.redis.serializer.SerializationException: Could not read JSON:Unexpected token (START_OBJECT), expected START_ARRAY: need Array value to contain `As.WRAPPER_ARRAY` type information for class java.lang.Object
 at [Source: REDACTED (`StreamReadFeature.INCLUDE_SOURCE_IN_LOCATION` disabled); line: 1, column: 1] ] with root cause

com.fasterxml.jackson.databind.exc.MismatchedInputException: Unexpected token (START_OBJECT), expected START_ARRAY: need Array value to contain `As.WRAPPER_ARRAY` type information for class java.lang.Object
 at [Source: REDACTED (`StreamReadFeature.INCLUDE_SOURCE_IN_LOCATION` disabled); line: 1, column: 1]
	at com.fasterxml.jackson.databind.exc.MismatchedInputException.from(MismatchedInputException.java:72) ~[jackson-databind-2.21.4.jar:2.21.4]
	at com.fasterxml.jackson.databind.DeserializationContext.wrongTokenException(DeserializationContext.java:1961) ~[jackson-databind-2.21.4.jar:2.21.4]
	at com.fasterxml.jackson.databind.DeserializationContext.reportWrongTokenException(DeserializationContext.java:1746) ~[jackson-databind-2.21.4.jar:2.21.4]
	at com.fasterxml.jackson.databind.jsontype.impl.AsArrayTypeDeserializer._locateTypeId(AsArrayTypeDeserializer.java:149) ~[jackson-databind-2.21.4.jar:2.21.4]
	at com.fasterxml.jackson.databind.jsontype.impl.AsArrayTypeDeserializer._deserialize(AsArrayTypeDeserializer.java:98) ~[jackson-databind-2.21.4.jar:2.21.4]
	at com.fasterxml.jackson.databind.jsontype.impl.AsArrayTypeDeserializer.deserializeTypedFromAny(AsArrayTypeDeserializer.java:73) ~[jackson-databind-2.21.4.jar:2.21.4]
	at com.fasterxml.jackson.databind.deser.std.UntypedObjectDeserializerNR.deserializeWithType(UntypedObjectDeserializerNR.java:111) ~[jackson-databind-2.21.4.jar:2.21.4]
	at com.fasterxml.jackson.databind.deser.impl.TypeWrappedDeserializer.deserialize(TypeWrappedDeserializer.java:74) ~[jackson-databind-2.21.4.jar:2.21.4]
	at com.fasterxml.jackson.databind.deser.DefaultDeserializationContext.readRootValue(DefaultDeserializationContext.java:342) ~[jackson-databind-2.21.4.jar:2.21.4]
	at com.fasterxml.jackson.databind.ObjectMapper._readMapAndClose(ObjectMapper.java:5052) ~[jackson-databind-2.21.4.jar:2.21.4]
	at com.fasterxml.jackson.databind.ObjectMapper.readValue(ObjectMapper.java:4056) ~[jackson-databind-2.21.4.jar:2.21.4]
	at org.springframework.data.redis.serializer.JacksonObjectReader.lambda$create$0(JacksonObjectReader.java:54) ~[spring-data-redis-3.5.12.jar:3.5.12]
	at org.springframework.data.redis.serializer.GenericJackson2JsonRedisSerializer.deserialize(GenericJackson2JsonRedisSerializer.java:309) ~[spring-data-redis-3.5.12.jar:3.5.12]
	at org.springframework.data.redis.serializer.GenericJackson2JsonRedisSerializer.deserialize(GenericJackson2JsonRedisSerializer.java:281) ~[spring-data-redis-3.5.12.jar:3.5.12]
	at org.springframework.data.redis.serializer.DefaultRedisElementReader.read(DefaultRedisElementReader.java:46) ~[spring-data-redis-3.5.12.jar:3.5.12]
	at org.springframework.data.redis.serializer.RedisSerializationContext$SerializationPair.read(RedisSerializationContext.java:277) ~[spring-data-redis-3.5.12.jar:3.5.12]
	at org.springframework.data.redis.cache.RedisCache.deserializeCacheValue(RedisCache.java:361) ~[spring-data-redis-3.5.12.jar:3.5.12]
	at org.springframework.data.redis.cache.RedisCache.lookup(RedisCache.java:187) ~[spring-data-redis-3.5.12.jar:3.5.12]
	at org.springframework.cache.support.AbstractValueAdaptingCache.get(AbstractValueAdaptingCache.java:58) ~[spring-context-6.2.19.jar:6.2.19]
	at org.springframework.cache.interceptor.AbstractCacheInvoker.doGet(AbstractCacheInvoker.java:78) ~[spring-context-6.2.19.jar:6.2.19]
	at org.springframework.cache.interceptor.CacheAspectSupport.findInCaches(CacheAspectSupport.java:576) ~[spring-context-6.2.19.jar:6.2.19]
	at org.springframework.cache.interceptor.CacheAspectSupport.findCachedValue(CacheAspectSupport.java:525) ~[spring-context-6.2.19.jar:6.2.19]
	at org.springframework.cache.interceptor.CacheAspectSupport.execute(CacheAspectSupport.java:448) ~[spring-context-6.2.19.jar:6.2.19]
	at org.springframework.cache.interceptor.CacheAspectSupport.execute(CacheAspectSupport.java:412) ~[spring-context-6.2.19.jar:6.2.19]
	at org.springframework.cache.interceptor.CacheInterceptor.invoke(CacheInterceptor.java:65) ~[spring-context-6.2.19.jar:6.2.19]
	at org.springframework.aop.framework.ReflectiveMethodInvocation.proceed(ReflectiveMethodInvocation.java:184) ~[spring-aop-6.2.19.jar:6.2.19]
	at org.springframework.aop.framework.CglibAopProxy$DynamicAdvisedInterceptor.intercept(CglibAopProxy.java:728) ~[spring-aop-6.2.19.jar:6.2.19]
	at com.skt.product_service.service.ProductService$$SpringCGLIB$$0.getProductById(<generated>) ~[classes/:na]
	at com.skt.product_service.controller.ProductController.getProduct(ProductController.java:62) ~[classes/:na]
	at java.base/jdk.internal.reflect.NativeMethodAccessorImpl.invoke0(Native Method) ~[na:na]
	at java.base/jdk.internal.reflect.NativeMethodAccessorImpl.invoke(NativeMethodAccessorImpl.java:77) ~[na:na]
	at java.base/jdk.internal.reflect.DelegatingMethodAccessorImpl.invoke(DelegatingMethodAccessorImpl.java:43) ~[na:na]
	at java.base/java.lang.reflect.Method.invoke(Method.java:568) ~[na:na]
	at org.springframework.web.method.support.InvocableHandlerMethod.doInvoke(InvocableHandlerMethod.java:258) ~[spring-web-6.2.19.jar:6.2.19]
	at org.springframework.web.method.support.InvocableHandlerMethod.invokeForRequest(InvocableHandlerMethod.java:191) ~[spring-web-6.2.19.jar:6.2.19]
	at org.springframework.web.servlet.mvc.method.annotation.ServletInvocableHandlerMethod.invokeAndHandle(ServletInvocableHandlerMethod.java:118) ~[spring-webmvc-6.2.19.jar:6.2.19]
	at org.springframework.web.servlet.mvc.method.annotation.RequestMappingHandlerAdapter.invokeHandlerMethod(RequestMappingHandlerAdapter.java:991) ~[spring-webmvc-6.2.19.jar:6.2.19]
	at org.springframework.web.servlet.mvc.method.annotation.RequestMappingHandlerAdapter.handleInternal(RequestMappingHandlerAdapter.java:896) ~[spring-webmvc-6.2.19.jar:6.2.19]
	at org.springframework.web.servlet.mvc.method.AbstractHandlerMethodAdapter.handle(AbstractHandlerMethodAdapter.java:87) ~[spring-webmvc-6.2.19.jar:6.2.19]
	at org.springframework.web.servlet.DispatcherServlet.doDispatch(DispatcherServlet.java:1089) ~[spring-webmvc-6.2.19.jar:6.2.19]
	at org.springframework.web.servlet.DispatcherServlet.doService(DispatcherServlet.java:979) ~[spring-webmvc-6.2.19.jar:6.2.19]
	at org.springframework.web.servlet.FrameworkServlet.processRequest(FrameworkServlet.java:1014) ~[spring-webmvc-6.2.19.jar:6.2.19]
	at org.springframework.web.servlet.FrameworkServlet.doGet(FrameworkServlet.java:903) ~[spring-webmvc-6.2.19.jar:6.2.19]
	at jakarta.servlet.http.HttpServlet.service(HttpServlet.java:564) ~[tomcat-embed-core-10.1.55.jar:6.0]
	at org.springframework.web.servlet.FrameworkServlet.service(FrameworkServlet.java:885) ~[spring-webmvc-6.2.19.jar:6.2.19]
	at jakarta.servlet.http.HttpServlet.service(HttpServlet.java:658) ~[tomcat-embed-core-10.1.55.jar:6.0]
	at org.apache.catalina.core.ApplicationFilterChain.internalDoFilter(ApplicationFilterChain.java:193) ~[tomcat-embed-core-10.1.55.jar:10.1.55]
	at org.apache.catalina.core.ApplicationFilterChain.doFilter(ApplicationFilterChain.java:138) ~[tomcat-embed-core-10.1.55.jar:10.1.55]
	at org.apache.tomcat.websocket.server.WsFilter.doFilter(WsFilter.java:51) ~[tomcat-embed-websocket-10.1.55.jar:10.1.55]
	at org.apache.catalina.core.ApplicationFilterChain.internalDoFilter(ApplicationFilterChain.java:162) ~[tomcat-embed-core-10.1.55.jar:10.1.55]
	at org.apache.catalina.core.ApplicationFilterChain.doFilter(ApplicationFilterChain.java:138) ~[tomcat-embed-core-10.1.55.jar:10.1.55]
	at org.springframework.web.filter.RequestContextFilter.doFilterInternal(RequestContextFilter.java:100) ~[spring-web-6.2.19.jar:6.2.19]
	at org.springframework.web.filter.OncePerRequestFilter.doFilter(OncePerRequestFilter.java:116) ~[spring-web-6.2.19.jar:6.2.19]
	at org.apache.catalina.core.ApplicationFilterChain.internalDoFilter(ApplicationFilterChain.java:162) ~[tomcat-embed-core-10.1.55.jar:10.1.55]
	at org.apache.catalina.core.ApplicationFilterChain.doFilter(ApplicationFilterChain.java:138) ~[tomcat-embed-core-10.1.55.jar:10.1.55]
	at org.springframework.web.filter.FormContentFilter.doFilterInternal(FormContentFilter.java:93) ~[spring-web-6.2.19.jar:6.2.19]
	at org.springframework.web.filter.OncePerRequestFilter.doFilter(OncePerRequestFilter.java:116) ~[spring-web-6.2.19.jar:6.2.19]
	at org.apache.catalina.core.ApplicationFilterChain.internalDoFilter(ApplicationFilterChain.java:162) ~[tomcat-embed-core-10.1.55.jar:10.1.55]
	at org.apache.catalina.core.ApplicationFilterChain.doFilter(ApplicationFilterChain.java:138) ~[tomcat-embed-core-10.1.55.jar:10.1.55]
	at org.springframework.web.filter.CharacterEncodingFilter.doFilterInternal(CharacterEncodingFilter.java:201) ~[spring-web-6.2.19.jar:6.2.19]
	at org.springframework.web.filter.OncePerRequestFilter.doFilter(OncePerRequestFilter.java:116) ~[spring-web-6.2.19.jar:6.2.19]
	at org.apache.catalina.core.ApplicationFilterChain.internalDoFilter(ApplicationFilterChain.java:162) ~[tomcat-embed-core-10.1.55.jar:10.1.55]
	at org.apache.catalina.core.ApplicationFilterChain.doFilter(ApplicationFilterChain.java:138) ~[tomcat-embed-core-10.1.55.jar:10.1.55]
	at org.apache.catalina.core.StandardWrapperValve.invoke(StandardWrapperValve.java:165) ~[tomcat-embed-core-10.1.55.jar:10.1.55]
	at org.apache.catalina.core.StandardContextValve.invoke(StandardContextValve.java:88) ~[tomcat-embed-core-10.1.55.jar:10.1.55]
	at org.apache.catalina.authenticator.AuthenticatorBase.invoke(AuthenticatorBase.java:492) ~[tomcat-embed-core-10.1.55.jar:10.1.55]
	at org.apache.catalina.core.StandardHostValve.invoke(StandardHostValve.java:113) ~[tomcat-embed-core-10.1.55.jar:10.1.55]
	at org.apache.catalina.valves.ErrorReportValve.invoke(ErrorReportValve.java:83) ~[tomcat-embed-core-10.1.55.jar:10.1.55]
	at org.apache.catalina.core.StandardEngineValve.invoke(StandardEngineValve.java:72) ~[tomcat-embed-core-10.1.55.jar:10.1.55]
	at org.apache.catalina.connector.CoyoteAdapter.service(CoyoteAdapter.java:342) ~[tomcat-embed-core-10.1.55.jar:10.1.55]
	at org.apache.coyote.http11.Http11Processor.service(Http11Processor.java:399) ~[tomcat-embed-core-10.1.55.jar:10.1.55]
	at org.apache.coyote.AbstractProcessorLight.process(AbstractProcessorLight.java:63) ~[tomcat-embed-core-10.1.55.jar:10.1.55]
	at org.apache.coyote.AbstractProtocol$ConnectionHandler.process(AbstractProtocol.java:1272) ~[tomcat-embed-core-10.1.55.jar:10.1.55]
	at org.apache.tomcat.util.net.NioEndpoint$SocketProcessor.doRun(NioEndpoint.java:1797) ~[tomcat-embed-core-10.1.55.jar:10.1.55]
	at org.apache.tomcat.util.net.SocketProcessorBase.run(SocketProcessorBase.java:52) ~[tomcat-embed-core-10.1.55.jar:10.1.55]
	at org.apache.tomcat.util.threads.ThreadPoolExecutor.runWorker(ThreadPoolExecutor.java:973) ~[tomcat-embed-core-10.1.55.jar:10.1.55]
	at org.apache.tomcat.util.threads.ThreadPoolExecutor$Worker.run(ThreadPoolExecutor.java:491) ~[tomcat-embed-core-10.1.55.jar:10.1.55]
	at org.apache.tomcat.util.threads.TaskThread$WrappingRunnable.run(TaskThread.java:63) ~[tomcat-embed-core-10.1.55.jar:10.1.55]
	at java.base/java.lang.Thread.run(Thread.java:842) ~[na:na]

2026-07-17T01:04:59.328+05:30  INFO 8264 --- [PRODUCT-SERVICE] [SpringApplicationShutdownHook] o.s.c.n.e.s.EurekaServiceRegistry        : Unregistering application PRODUCT-SERVICE with eureka with status DOWN
2026-07-17T01:04:59.330+05:30  INFO 8264 --- [PRODUCT-SERVICE] [SpringApplicationShutdownHook] o.s.b.w.e.tomcat.GracefulShutdown        : Commencing graceful shutdown. Waiting for active requests to complete
2026-07-17T01:04:59.405+05:30  INFO 8264 --- [PRODUCT-SERVICE] [tomcat-shutdown] o.s.b.w.e.tomcat.GracefulShutdown        : Graceful shutdown complete
2026-07-17T01:05:09.339+05:30  INFO 30028 --- [PRODUCT-SERVICE] [main] .s.d.r.c.RepositoryConfigurationDelegate : Multiple Spring Data modules found, entering strict repository configuration mode
2026-07-17T01:05:09.341+05:30  INFO 30028 --- [PRODUCT-SERVICE] [main] .s.d.r.c.RepositoryConfigurationDelegate : Bootstrapping Spring Data MongoDB repositories in DEFAULT mode.
2026-07-17T01:05:09.455+05:30  INFO 30028 --- [PRODUCT-SERVICE] [main] .s.d.r.c.RepositoryConfigurationDelegate : Finished Spring Data repository scanning in 106 ms. Found 1 MongoDB repository interface.
2026-07-17T01:05:09.632+05:30  INFO 30028 --- [PRODUCT-SERVICE] [main] .s.d.r.c.RepositoryConfigurationDelegate : Multiple Spring Data modules found, entering strict repository configuration mode
2026-07-17T01:05:09.633+05:30  INFO 30028 --- [PRODUCT-SERVICE] [main] .s.d.r.c.RepositoryConfigurationDelegate : Bootstrapping Spring Data Redis repositories in DEFAULT mode.
2026-07-17T01:05:09.651+05:30  INFO 30028 --- [PRODUCT-SERVICE] [main] .RepositoryConfigurationExtensionSupport : Spring Data Redis - Could not safely identify store assignment for repository candidate interface com.skt.product_service.repository.ProductRepository; If you want this repository to be a Redis repository, consider annotating your entities with one of these annotations: org.springframework.data.redis.core.RedisHash (preferred), or consider extending one of the following types with your repository: org.springframework.data.keyvalue.repository.KeyValueRepository
2026-07-17T01:05:09.652+05:30  INFO 30028 --- [PRODUCT-SERVICE] [main] .s.d.r.c.RepositoryConfigurationDelegate : Finished Spring Data repository scanning in 11 ms. Found 0 Redis repository interfaces.
2026-07-17T01:05:09.848+05:30  INFO 30028 --- [PRODUCT-SERVICE] [main] o.s.cloud.context.scope.GenericScope     : BeanFactory id=0d5833fb-b5b0-3973-9c79-6d64c81c838c
2026-07-17T01:05:10.164+05:30  INFO 30028 --- [PRODUCT-SERVICE] [main] o.s.b.w.embedded.tomcat.TomcatWebServer  : Tomcat initialized with port 8080 (http)
2026-07-17T01:05:10.225+05:30  INFO 30028 --- [PRODUCT-SERVICE] [main] w.s.c.ServletWebServerApplicationContext : Root WebApplicationContext: initialization completed in 1360 ms
2026-07-17T01:05:10.836+05:30  INFO 30028 --- [PRODUCT-SERVICE] [main] o.s.v.b.OptionalValidatorFactoryBean     : Failed to set up a Bean Validation provider: jakarta.validation.NoProviderFoundException: Unable to create a Configuration, because no Jakarta Bean Validation provider could be found. Add a provider like Hibernate Validator (RI) to your classpath.
2026-07-17T01:05:11.558+05:30  INFO 30028 --- [PRODUCT-SERVICE] [main] DiscoveryClientOptionalArgsConfiguration : Eureka HTTP Client uses RestTemplate.
2026-07-17T01:05:11.580+05:30  WARN 30028 --- [PRODUCT-SERVICE] [main] iguration$LoadBalancerCaffeineWarnLogger : Spring Cloud LoadBalancer is currently working with the default cache. While this cache implementation is useful for development and tests, it's recommended to use Caffeine cache in production.You can switch to using Caffeine cache, by adding it and org.springframework.cache.caffeine.CaffeineCacheManager to the classpath.
2026-07-17T01:05:11.600+05:30  INFO 30028 --- [PRODUCT-SERVICE] [main] o.s.c.n.eureka.InstanceInfoFactory       : Setting initial instance status as: STARTING
2026-07-17T01:05:11.907+05:30  INFO 30028 --- [PRODUCT-SERVICE] [main] o.s.c.n.e.s.EurekaServiceRegistry        : Registering application PRODUCT-SERVICE with eureka with status UP
2026-07-17T01:05:11.934+05:30  INFO 30028 --- [PRODUCT-SERVICE] [main] o.s.b.w.embedded.tomcat.TomcatWebServer  : Tomcat started on port 8080 (http) with context path '/'
2026-07-17T01:05:11.935+05:30  INFO 30028 --- [PRODUCT-SERVICE] [main] .s.c.n.e.s.EurekaAutoServiceRegistration : Updating port to 8080
2026-07-17T01:05:14.108+05:30  INFO 30028 --- [PRODUCT-SERVICE] [http-nio-8080-exec-3] o.s.web.servlet.DispatcherServlet        : Initializing Servlet 'dispatcherServlet'
2026-07-17T01:05:14.110+05:30  INFO 30028 --- [PRODUCT-SERVICE] [http-nio-8080-exec-3] o.s.web.servlet.DispatcherServlet        : Completed initialization in 1 ms
2026-07-17T01:05:14.221+05:30  INFO 30028 --- [PRODUCT-SERVICE] [http-nio-8080-exec-3] c.s.p.service.ProductService             : New LAPTOP Created Successfully with ID: 6a5932721943fc6564ebe167
2026-07-17T01:05:22.369+05:30  INFO 30028 --- [PRODUCT-SERVICE] [http-nio-8080-exec-4] c.s.p.service.ProductService             : Fetching product from DB for id: 6a5932721943fc6564ebe167
2026-07-17T01:05:33.977+05:30 ERROR 30028 --- [PRODUCT-SERVICE] [http-nio-8080-exec-9] o.a.c.c.C.[.[.[/].[dispatcherServlet]    : Servlet.service() for servlet [dispatcherServlet] in context with path [] threw exception [Request processing failed: org.springframework.data.redis.serializer.SerializationException: Could not read JSON:Unexpected token (START_OBJECT), expected START_ARRAY: need Array value to contain `As.WRAPPER_ARRAY` type information for class java.lang.Object
 at [Source: REDACTED (`StreamReadFeature.INCLUDE_SOURCE_IN_LOCATION` disabled); line: 1, column: 1] ] with root cause

com.fasterxml.jackson.databind.exc.MismatchedInputException: Unexpected token (START_OBJECT), expected START_ARRAY: need Array value to contain `As.WRAPPER_ARRAY` type information for class java.lang.Object
 at [Source: REDACTED (`StreamReadFeature.INCLUDE_SOURCE_IN_LOCATION` disabled); line: 1, column: 1]
	at com.fasterxml.jackson.databind.exc.MismatchedInputException.from(MismatchedInputException.java:72) ~[jackson-databind-2.21.4.jar:2.21.4]
	at com.fasterxml.jackson.databind.DeserializationContext.wrongTokenException(DeserializationContext.java:1961) ~[jackson-databind-2.21.4.jar:2.21.4]
	at com.fasterxml.jackson.databind.DeserializationContext.reportWrongTokenException(DeserializationContext.java:1746) ~[jackson-databind-2.21.4.jar:2.21.4]
	at com.fasterxml.jackson.databind.jsontype.impl.AsArrayTypeDeserializer._locateTypeId(AsArrayTypeDeserializer.java:149) ~[jackson-databind-2.21.4.jar:2.21.4]
	at com.fasterxml.jackson.databind.jsontype.impl.AsArrayTypeDeserializer._deserialize(AsArrayTypeDeserializer.java:98) ~[jackson-databind-2.21.4.jar:2.21.4]
	at com.fasterxml.jackson.databind.jsontype.impl.AsArrayTypeDeserializer.deserializeTypedFromAny(AsArrayTypeDeserializer.java:73) ~[jackson-databind-2.21.4.jar:2.21.4]
	at com.fasterxml.jackson.databind.deser.std.UntypedObjectDeserializerNR.deserializeWithType(UntypedObjectDeserializerNR.java:111) ~[jackson-databind-2.21.4.jar:2.21.4]
	at com.fasterxml.jackson.databind.deser.impl.TypeWrappedDeserializer.deserialize(TypeWrappedDeserializer.java:74) ~[jackson-databind-2.21.4.jar:2.21.4]
	at com.fasterxml.jackson.databind.deser.DefaultDeserializationContext.readRootValue(DefaultDeserializationContext.java:342) ~[jackson-databind-2.21.4.jar:2.21.4]
	at com.fasterxml.jackson.databind.ObjectMapper._readMapAndClose(ObjectMapper.java:5052) ~[jackson-databind-2.21.4.jar:2.21.4]
	at com.fasterxml.jackson.databind.ObjectMapper.readValue(ObjectMapper.java:4056) ~[jackson-databind-2.21.4.jar:2.21.4]
	at org.springframework.data.redis.serializer.JacksonObjectReader.lambda$create$0(JacksonObjectReader.java:54) ~[spring-data-redis-3.5.12.jar:3.5.12]
	at org.springframework.data.redis.serializer.GenericJackson2JsonRedisSerializer.deserialize(GenericJackson2JsonRedisSerializer.java:309) ~[spring-data-redis-3.5.12.jar:3.5.12]
	at org.springframework.data.redis.serializer.GenericJackson2JsonRedisSerializer.deserialize(GenericJackson2JsonRedisSerializer.java:281) ~[spring-data-redis-3.5.12.jar:3.5.12]
	at org.springframework.data.redis.serializer.DefaultRedisElementReader.read(DefaultRedisElementReader.java:46) ~[spring-data-redis-3.5.12.jar:3.5.12]
	at org.springframework.data.redis.serializer.RedisSerializationContext$SerializationPair.read(RedisSerializationContext.java:277) ~[spring-data-redis-3.5.12.jar:3.5.12]
	at org.springframework.data.redis.cache.RedisCache.deserializeCacheValue(RedisCache.java:361) ~[spring-data-redis-3.5.12.jar:3.5.12]
	at org.springframework.data.redis.cache.RedisCache.lookup(RedisCache.java:187) ~[spring-data-redis-3.5.12.jar:3.5.12]
	at org.springframework.cache.support.AbstractValueAdaptingCache.get(AbstractValueAdaptingCache.java:58) ~[spring-context-6.2.19.jar:6.2.19]
	at org.springframework.cache.interceptor.AbstractCacheInvoker.doGet(AbstractCacheInvoker.java:78) ~[spring-context-6.2.19.jar:6.2.19]
	at org.springframework.cache.interceptor.CacheAspectSupport.findInCaches(CacheAspectSupport.java:576) ~[spring-context-6.2.19.jar:6.2.19]
	at org.springframework.cache.interceptor.CacheAspectSupport.findCachedValue(CacheAspectSupport.java:525) ~[spring-context-6.2.19.jar:6.2.19]
	at org.springframework.cache.interceptor.CacheAspectSupport.execute(CacheAspectSupport.java:448) ~[spring-context-6.2.19.jar:6.2.19]
	at org.springframework.cache.interceptor.CacheAspectSupport.execute(CacheAspectSupport.java:412) ~[spring-context-6.2.19.jar:6.2.19]
	at org.springframework.cache.interceptor.CacheInterceptor.invoke(CacheInterceptor.java:65) ~[spring-context-6.2.19.jar:6.2.19]
	at org.springframework.aop.framework.ReflectiveMethodInvocation.proceed(ReflectiveMethodInvocation.java:184) ~[spring-aop-6.2.19.jar:6.2.19]
	at org.springframework.aop.framework.CglibAopProxy$DynamicAdvisedInterceptor.intercept(CglibAopProxy.java:728) ~[spring-aop-6.2.19.jar:6.2.19]
	at com.skt.product_service.service.ProductService$$SpringCGLIB$$0.getProductById(<generated>) ~[classes/:na]
	at com.skt.product_service.controller.ProductController.getProduct(ProductController.java:62) ~[classes/:na]
	at java.base/jdk.internal.reflect.NativeMethodAccessorImpl.invoke0(Native Method) ~[na:na]
	at java.base/jdk.internal.reflect.NativeMethodAccessorImpl.invoke(NativeMethodAccessorImpl.java:77) ~[na:na]
	at java.base/jdk.internal.reflect.DelegatingMethodAccessorImpl.invoke(DelegatingMethodAccessorImpl.java:43) ~[na:na]
	at java.base/java.lang.reflect.Method.invoke(Method.java:568) ~[na:na]
	at org.springframework.web.method.support.InvocableHandlerMethod.doInvoke(InvocableHandlerMethod.java:258) ~[spring-web-6.2.19.jar:6.2.19]
	at org.springframework.web.method.support.InvocableHandlerMethod.invokeForRequest(InvocableHandlerMethod.java:191) ~[spring-web-6.2.19.jar:6.2.19]
	at org.springframework.web.servlet.mvc.method.annotation.ServletInvocableHandlerMethod.invokeAndHandle(ServletInvocableHandlerMethod.java:118) ~[spring-webmvc-6.2.19.jar:6.2.19]
	at org.springframework.web.servlet.mvc.method.annotation.RequestMappingHandlerAdapter.invokeHandlerMethod(RequestMappingHandlerAdapter.java:991) ~[spring-webmvc-6.2.19.jar:6.2.19]
	at org.springframework.web.servlet.mvc.method.annotation.RequestMappingHandlerAdapter.handleInternal(RequestMappingHandlerAdapter.java:896) ~[spring-webmvc-6.2.19.jar:6.2.19]
	at org.springframework.web.servlet.mvc.method.AbstractHandlerMethodAdapter.handle(AbstractHandlerMethodAdapter.java:87) ~[spring-webmvc-6.2.19.jar:6.2.19]
	at org.springframework.web.servlet.DispatcherServlet.doDispatch(DispatcherServlet.java:1089) ~[spring-webmvc-6.2.19.jar:6.2.19]
	at org.springframework.web.servlet.DispatcherServlet.doService(DispatcherServlet.java:979) ~[spring-webmvc-6.2.19.jar:6.2.19]
	at org.springframework.web.servlet.FrameworkServlet.processRequest(FrameworkServlet.java:1014) ~[spring-webmvc-6.2.19.jar:6.2.19]
	at org.springframework.web.servlet.FrameworkServlet.doGet(FrameworkServlet.java:903) ~[spring-webmvc-6.2.19.jar:6.2.19]
	at jakarta.servlet.http.HttpServlet.service(HttpServlet.java:564) ~[tomcat-embed-core-10.1.55.jar:6.0]
	at org.springframework.web.servlet.FrameworkServlet.service(FrameworkServlet.java:885) ~[spring-webmvc-6.2.19.jar:6.2.19]
	at jakarta.servlet.http.HttpServlet.service(HttpServlet.java:658) ~[tomcat-embed-core-10.1.55.jar:6.0]
	at org.apache.catalina.core.ApplicationFilterChain.internalDoFilter(ApplicationFilterChain.java:193) ~[tomcat-embed-core-10.1.55.jar:10.1.55]
	at org.apache.catalina.core.ApplicationFilterChain.doFilter(ApplicationFilterChain.java:138) ~[tomcat-embed-core-10.1.55.jar:10.1.55]
	at org.apache.tomcat.websocket.server.WsFilter.doFilter(WsFilter.java:51) ~[tomcat-embed-websocket-10.1.55.jar:10.1.55]
	at org.apache.catalina.core.ApplicationFilterChain.internalDoFilter(ApplicationFilterChain.java:162) ~[tomcat-embed-core-10.1.55.jar:10.1.55]
	at org.apache.catalina.core.ApplicationFilterChain.doFilter(ApplicationFilterChain.java:138) ~[tomcat-embed-core-10.1.55.jar:10.1.55]
	at org.springframework.web.filter.RequestContextFilter.doFilterInternal(RequestContextFilter.java:100) ~[spring-web-6.2.19.jar:6.2.19]
	at org.springframework.web.filter.OncePerRequestFilter.doFilter(OncePerRequestFilter.java:116) ~[spring-web-6.2.19.jar:6.2.19]
	at org.apache.catalina.core.ApplicationFilterChain.internalDoFilter(ApplicationFilterChain.java:162) ~[tomcat-embed-core-10.1.55.jar:10.1.55]
	at org.apache.catalina.core.ApplicationFilterChain.doFilter(ApplicationFilterChain.java:138) ~[tomcat-embed-core-10.1.55.jar:10.1.55]
	at org.springframework.web.filter.FormContentFilter.doFilterInternal(FormContentFilter.java:93) ~[spring-web-6.2.19.jar:6.2.19]
	at org.springframework.web.filter.OncePerRequestFilter.doFilter(OncePerRequestFilter.java:116) ~[spring-web-6.2.19.jar:6.2.19]
	at org.apache.catalina.core.ApplicationFilterChain.internalDoFilter(ApplicationFilterChain.java:162) ~[tomcat-embed-core-10.1.55.jar:10.1.55]
	at org.apache.catalina.core.ApplicationFilterChain.doFilter(ApplicationFilterChain.java:138) ~[tomcat-embed-core-10.1.55.jar:10.1.55]
	at org.springframework.web.filter.CharacterEncodingFilter.doFilterInternal(CharacterEncodingFilter.java:201) ~[spring-web-6.2.19.jar:6.2.19]
	at org.springframework.web.filter.OncePerRequestFilter.doFilter(OncePerRequestFilter.java:116) ~[spring-web-6.2.19.jar:6.2.19]
	at org.apache.catalina.core.ApplicationFilterChain.internalDoFilter(ApplicationFilterChain.java:162) ~[tomcat-embed-core-10.1.55.jar:10.1.55]
	at org.apache.catalina.core.ApplicationFilterChain.doFilter(ApplicationFilterChain.java:138) ~[tomcat-embed-core-10.1.55.jar:10.1.55]
	at org.apache.catalina.core.StandardWrapperValve.invoke(StandardWrapperValve.java:165) ~[tomcat-embed-core-10.1.55.jar:10.1.55]
	at org.apache.catalina.core.StandardContextValve.invoke(StandardContextValve.java:88) ~[tomcat-embed-core-10.1.55.jar:10.1.55]
	at org.apache.catalina.authenticator.AuthenticatorBase.invoke(AuthenticatorBase.java:492) ~[tomcat-embed-core-10.1.55.jar:10.1.55]
	at org.apache.catalina.core.StandardHostValve.invoke(StandardHostValve.java:113) ~[tomcat-embed-core-10.1.55.jar:10.1.55]
	at org.apache.catalina.valves.ErrorReportValve.invoke(ErrorReportValve.java:83) ~[tomcat-embed-core-10.1.55.jar:10.1.55]
	at org.apache.catalina.core.StandardEngineValve.invoke(StandardEngineValve.java:72) ~[tomcat-embed-core-10.1.55.jar:10.1.55]
	at org.apache.catalina.connector.CoyoteAdapter.service(CoyoteAdapter.java:342) ~[tomcat-embed-core-10.1.55.jar:10.1.55]
	at org.apache.coyote.http11.Http11Processor.service(Http11Processor.java:399) ~[tomcat-embed-core-10.1.55.jar:10.1.55]
	at org.apache.coyote.AbstractProcessorLight.process(AbstractProcessorLight.java:63) ~[tomcat-embed-core-10.1.55.jar:10.1.55]
	at org.apache.coyote.AbstractProtocol$ConnectionHandler.process(AbstractProtocol.java:1272) ~[tomcat-embed-core-10.1.55.jar:10.1.55]
	at org.apache.tomcat.util.net.NioEndpoint$SocketProcessor.doRun(NioEndpoint.java:1797) ~[tomcat-embed-core-10.1.55.jar:10.1.55]
	at org.apache.tomcat.util.net.SocketProcessorBase.run(SocketProcessorBase.java:52) ~[tomcat-embed-core-10.1.55.jar:10.1.55]
	at org.apache.tomcat.util.threads.ThreadPoolExecutor.runWorker(ThreadPoolExecutor.java:973) ~[tomcat-embed-core-10.1.55.jar:10.1.55]
	at org.apache.tomcat.util.threads.ThreadPoolExecutor$Worker.run(ThreadPoolExecutor.java:491) ~[tomcat-embed-core-10.1.55.jar:10.1.55]
	at org.apache.tomcat.util.threads.TaskThread$WrappingRunnable.run(TaskThread.java:63) ~[tomcat-embed-core-10.1.55.jar:10.1.55]
	at java.base/java.lang.Thread.run(Thread.java:842) ~[na:na]

2026-07-17T01:07:49.680+05:30  INFO 30028 --- [PRODUCT-SERVICE] [SpringApplicationShutdownHook] o.s.c.n.e.s.EurekaServiceRegistry        : Unregistering application PRODUCT-SERVICE with eureka with status DOWN
2026-07-17T01:07:49.683+05:30  INFO 30028 --- [PRODUCT-SERVICE] [SpringApplicationShutdownHook] o.s.b.w.e.tomcat.GracefulShutdown        : Commencing graceful shutdown. Waiting for active requests to complete
2026-07-17T01:07:49.758+05:30  INFO 30028 --- [PRODUCT-SERVICE] [tomcat-shutdown] o.s.b.w.e.tomcat.GracefulShutdown        : Graceful shutdown complete
2026-07-17T01:09:14.065+05:30  INFO 26928 --- [PRODUCT-SERVICE] [main] .s.d.r.c.RepositoryConfigurationDelegate : Multiple Spring Data modules found, entering strict repository configuration mode
2026-07-17T01:09:14.067+05:30  INFO 26928 --- [PRODUCT-SERVICE] [main] .s.d.r.c.RepositoryConfigurationDelegate : Bootstrapping Spring Data MongoDB repositories in DEFAULT mode.
2026-07-17T01:09:14.151+05:30  INFO 26928 --- [PRODUCT-SERVICE] [main] .s.d.r.c.RepositoryConfigurationDelegate : Finished Spring Data repository scanning in 78 ms. Found 1 MongoDB repository interface.
2026-07-17T01:09:14.328+05:30  INFO 26928 --- [PRODUCT-SERVICE] [main] .s.d.r.c.RepositoryConfigurationDelegate : Multiple Spring Data modules found, entering strict repository configuration mode
2026-07-17T01:09:14.329+05:30  INFO 26928 --- [PRODUCT-SERVICE] [main] .s.d.r.c.RepositoryConfigurationDelegate : Bootstrapping Spring Data Redis repositories in DEFAULT mode.
2026-07-17T01:09:14.348+05:30  INFO 26928 --- [PRODUCT-SERVICE] [main] .RepositoryConfigurationExtensionSupport : Spring Data Redis - Could not safely identify store assignment for repository candidate interface com.skt.product_service.repository.ProductRepository; If you want this repository to be a Redis repository, consider annotating your entities with one of these annotations: org.springframework.data.redis.core.RedisHash (preferred), or consider extending one of the following types with your repository: org.springframework.data.keyvalue.repository.KeyValueRepository
2026-07-17T01:09:14.348+05:30  INFO 26928 --- [PRODUCT-SERVICE] [main] .s.d.r.c.RepositoryConfigurationDelegate : Finished Spring Data repository scanning in 11 ms. Found 0 Redis repository interfaces.
2026-07-17T01:09:14.503+05:30  INFO 26928 --- [PRODUCT-SERVICE] [main] o.s.cloud.context.scope.GenericScope     : BeanFactory id=0d5833fb-b5b0-3973-9c79-6d64c81c838c
2026-07-17T01:09:14.753+05:30  INFO 26928 --- [PRODUCT-SERVICE] [main] o.s.b.w.embedded.tomcat.TomcatWebServer  : Tomcat initialized with port 8080 (http)
2026-07-17T01:09:14.814+05:30  INFO 26928 --- [PRODUCT-SERVICE] [main] w.s.c.ServletWebServerApplicationContext : Root WebApplicationContext: initialization completed in 1099 ms
2026-07-17T01:09:15.453+05:30  INFO 26928 --- [PRODUCT-SERVICE] [main] o.s.v.b.OptionalValidatorFactoryBean     : Failed to set up a Bean Validation provider: jakarta.validation.NoProviderFoundException: Unable to create a Configuration, because no Jakarta Bean Validation provider could be found. Add a provider like Hibernate Validator (RI) to your classpath.
2026-07-17T01:09:16.095+05:30  INFO 26928 --- [PRODUCT-SERVICE] [main] DiscoveryClientOptionalArgsConfiguration : Eureka HTTP Client uses RestTemplate.
2026-07-17T01:09:16.123+05:30  WARN 26928 --- [PRODUCT-SERVICE] [main] iguration$LoadBalancerCaffeineWarnLogger : Spring Cloud LoadBalancer is currently working with the default cache. While this cache implementation is useful for development and tests, it's recommended to use Caffeine cache in production.You can switch to using Caffeine cache, by adding it and org.springframework.cache.caffeine.CaffeineCacheManager to the classpath.
2026-07-17T01:09:16.141+05:30  INFO 26928 --- [PRODUCT-SERVICE] [main] o.s.c.n.eureka.InstanceInfoFactory       : Setting initial instance status as: STARTING
2026-07-17T01:09:16.429+05:30  INFO 26928 --- [PRODUCT-SERVICE] [main] o.s.c.n.e.s.EurekaServiceRegistry        : Registering application PRODUCT-SERVICE with eureka with status UP
2026-07-17T01:09:16.445+05:30  INFO 26928 --- [PRODUCT-SERVICE] [main] o.s.b.w.embedded.tomcat.TomcatWebServer  : Tomcat started on port 8080 (http) with context path '/'
2026-07-17T01:09:16.446+05:30  INFO 26928 --- [PRODUCT-SERVICE] [main] .s.c.n.e.s.EurekaAutoServiceRegistration : Updating port to 8080
2026-07-17T01:09:22.809+05:30  INFO 26928 --- [PRODUCT-SERVICE] [http-nio-8080-exec-1] o.s.web.servlet.DispatcherServlet        : Initializing Servlet 'dispatcherServlet'
2026-07-17T01:09:22.810+05:30  INFO 26928 --- [PRODUCT-SERVICE] [http-nio-8080-exec-1] o.s.web.servlet.DispatcherServlet        : Completed initialization in 1 ms
2026-07-17T01:09:22.910+05:30  INFO 26928 --- [PRODUCT-SERVICE] [http-nio-8080-exec-1] c.s.p.service.ProductService             : New LAPTOP Created Successfully with ID: 6a59336a1dbc6e82570e4861
2026-07-17T01:09:32.980+05:30  INFO 26928 --- [PRODUCT-SERVICE] [http-nio-8080-exec-2] c.s.p.service.ProductService             : Fetching product from DB for id: 6a59336a1dbc6e82570e4861
2026-07-17T01:09:36.266+05:30 ERROR 26928 --- [PRODUCT-SERVICE] [http-nio-8080-exec-4] o.a.c.c.C.[.[.[/].[dispatcherServlet]    : Servlet.service() for servlet [dispatcherServlet] in context with path [] threw exception [Request processing failed: org.springframework.data.redis.serializer.SerializationException: Could not read JSON:Unexpected token (START_OBJECT), expected START_ARRAY: need Array value to contain `As.WRAPPER_ARRAY` type information for class java.lang.Object
 at [Source: REDACTED (`StreamReadFeature.INCLUDE_SOURCE_IN_LOCATION` disabled); line: 1, column: 1] ] with root cause

com.fasterxml.jackson.databind.exc.MismatchedInputException: Unexpected token (START_OBJECT), expected START_ARRAY: need Array value to contain `As.WRAPPER_ARRAY` type information for class java.lang.Object
 at [Source: REDACTED (`StreamReadFeature.INCLUDE_SOURCE_IN_LOCATION` disabled); line: 1, column: 1]
	at com.fasterxml.jackson.databind.exc.MismatchedInputException.from(MismatchedInputException.java:72) ~[jackson-databind-2.21.4.jar:2.21.4]
	at com.fasterxml.jackson.databind.DeserializationContext.wrongTokenException(DeserializationContext.java:1961) ~[jackson-databind-2.21.4.jar:2.21.4]
	at com.fasterxml.jackson.databind.DeserializationContext.reportWrongTokenException(DeserializationContext.java:1746) ~[jackson-databind-2.21.4.jar:2.21.4]
	at com.fasterxml.jackson.databind.jsontype.impl.AsArrayTypeDeserializer._locateTypeId(AsArrayTypeDeserializer.java:149) ~[jackson-databind-2.21.4.jar:2.21.4]
	at com.fasterxml.jackson.databind.jsontype.impl.AsArrayTypeDeserializer._deserialize(AsArrayTypeDeserializer.java:98) ~[jackson-databind-2.21.4.jar:2.21.4]
	at com.fasterxml.jackson.databind.jsontype.impl.AsArrayTypeDeserializer.deserializeTypedFromAny(AsArrayTypeDeserializer.java:73) ~[jackson-databind-2.21.4.jar:2.21.4]
	at com.fasterxml.jackson.databind.deser.std.UntypedObjectDeserializerNR.deserializeWithType(UntypedObjectDeserializerNR.java:111) ~[jackson-databind-2.21.4.jar:2.21.4]
	at com.fasterxml.jackson.databind.deser.impl.TypeWrappedDeserializer.deserialize(TypeWrappedDeserializer.java:74) ~[jackson-databind-2.21.4.jar:2.21.4]
	at com.fasterxml.jackson.databind.deser.DefaultDeserializationContext.readRootValue(DefaultDeserializationContext.java:342) ~[jackson-databind-2.21.4.jar:2.21.4]
	at com.fasterxml.jackson.databind.ObjectMapper._readMapAndClose(ObjectMapper.java:5052) ~[jackson-databind-2.21.4.jar:2.21.4]
	at com.fasterxml.jackson.databind.ObjectMapper.readValue(ObjectMapper.java:4056) ~[jackson-databind-2.21.4.jar:2.21.4]
	at org.springframework.data.redis.serializer.JacksonObjectReader.lambda$create$0(JacksonObjectReader.java:54) ~[spring-data-redis-3.5.12.jar:3.5.12]
	at org.springframework.data.redis.serializer.GenericJackson2JsonRedisSerializer.deserialize(GenericJackson2JsonRedisSerializer.java:309) ~[spring-data-redis-3.5.12.jar:3.5.12]
	at org.springframework.data.redis.serializer.GenericJackson2JsonRedisSerializer.deserialize(GenericJackson2JsonRedisSerializer.java:281) ~[spring-data-redis-3.5.12.jar:3.5.12]
	at org.springframework.data.redis.serializer.DefaultRedisElementReader.read(DefaultRedisElementReader.java:46) ~[spring-data-redis-3.5.12.jar:3.5.12]
	at org.springframework.data.redis.serializer.RedisSerializationContext$SerializationPair.read(RedisSerializationContext.java:277) ~[spring-data-redis-3.5.12.jar:3.5.12]
	at org.springframework.data.redis.cache.RedisCache.deserializeCacheValue(RedisCache.java:361) ~[spring-data-redis-3.5.12.jar:3.5.12]
	at org.springframework.data.redis.cache.RedisCache.lookup(RedisCache.java:187) ~[spring-data-redis-3.5.12.jar:3.5.12]
	at org.springframework.cache.support.AbstractValueAdaptingCache.get(AbstractValueAdaptingCache.java:58) ~[spring-context-6.2.19.jar:6.2.19]
	at org.springframework.cache.interceptor.AbstractCacheInvoker.doGet(AbstractCacheInvoker.java:78) ~[spring-context-6.2.19.jar:6.2.19]
	at org.springframework.cache.interceptor.CacheAspectSupport.findInCaches(CacheAspectSupport.java:576) ~[spring-context-6.2.19.jar:6.2.19]
	at org.springframework.cache.interceptor.CacheAspectSupport.findCachedValue(CacheAspectSupport.java:525) ~[spring-context-6.2.19.jar:6.2.19]
	at org.springframework.cache.interceptor.CacheAspectSupport.execute(CacheAspectSupport.java:448) ~[spring-context-6.2.19.jar:6.2.19]
	at org.springframework.cache.interceptor.CacheAspectSupport.execute(CacheAspectSupport.java:412) ~[spring-context-6.2.19.jar:6.2.19]
	at org.springframework.cache.interceptor.CacheInterceptor.invoke(CacheInterceptor.java:65) ~[spring-context-6.2.19.jar:6.2.19]
	at org.springframework.aop.framework.ReflectiveMethodInvocation.proceed(ReflectiveMethodInvocation.java:184) ~[spring-aop-6.2.19.jar:6.2.19]
	at org.springframework.aop.framework.CglibAopProxy$DynamicAdvisedInterceptor.intercept(CglibAopProxy.java:728) ~[spring-aop-6.2.19.jar:6.2.19]
	at com.skt.product_service.service.ProductService$$SpringCGLIB$$0.getProductById(<generated>) ~[classes/:na]
	at com.skt.product_service.controller.ProductController.getProduct(ProductController.java:62) ~[classes/:na]
	at java.base/jdk.internal.reflect.NativeMethodAccessorImpl.invoke0(Native Method) ~[na:na]
	at java.base/jdk.internal.reflect.NativeMethodAccessorImpl.invoke(NativeMethodAccessorImpl.java:77) ~[na:na]
	at java.base/jdk.internal.reflect.DelegatingMethodAccessorImpl.invoke(DelegatingMethodAccessorImpl.java:43) ~[na:na]
	at java.base/java.lang.reflect.Method.invoke(Method.java:568) ~[na:na]
	at org.springframework.web.method.support.InvocableHandlerMethod.doInvoke(InvocableHandlerMethod.java:258) ~[spring-web-6.2.19.jar:6.2.19]
	at org.springframework.web.method.support.InvocableHandlerMethod.invokeForRequest(InvocableHandlerMethod.java:191) ~[spring-web-6.2.19.jar:6.2.19]
	at org.springframework.web.servlet.mvc.method.annotation.ServletInvocableHandlerMethod.invokeAndHandle(ServletInvocableHandlerMethod.java:118) ~[spring-webmvc-6.2.19.jar:6.2.19]
	at org.springframework.web.servlet.mvc.method.annotation.RequestMappingHandlerAdapter.invokeHandlerMethod(RequestMappingHandlerAdapter.java:991) ~[spring-webmvc-6.2.19.jar:6.2.19]
	at org.springframework.web.servlet.mvc.method.annotation.RequestMappingHandlerAdapter.handleInternal(RequestMappingHandlerAdapter.java:896) ~[spring-webmvc-6.2.19.jar:6.2.19]
	at org.springframework.web.servlet.mvc.method.AbstractHandlerMethodAdapter.handle(AbstractHandlerMethodAdapter.java:87) ~[spring-webmvc-6.2.19.jar:6.2.19]
	at org.springframework.web.servlet.DispatcherServlet.doDispatch(DispatcherServlet.java:1089) ~[spring-webmvc-6.2.19.jar:6.2.19]
	at org.springframework.web.servlet.DispatcherServlet.doService(DispatcherServlet.java:979) ~[spring-webmvc-6.2.19.jar:6.2.19]
	at org.springframework.web.servlet.FrameworkServlet.processRequest(FrameworkServlet.java:1014) ~[spring-webmvc-6.2.19.jar:6.2.19]
	at org.springframework.web.servlet.FrameworkServlet.doGet(FrameworkServlet.java:903) ~[spring-webmvc-6.2.19.jar:6.2.19]
	at jakarta.servlet.http.HttpServlet.service(HttpServlet.java:564) ~[tomcat-embed-core-10.1.55.jar:6.0]
	at org.springframework.web.servlet.FrameworkServlet.service(FrameworkServlet.java:885) ~[spring-webmvc-6.2.19.jar:6.2.19]
	at jakarta.servlet.http.HttpServlet.service(HttpServlet.java:658) ~[tomcat-embed-core-10.1.55.jar:6.0]
	at org.apache.catalina.core.ApplicationFilterChain.internalDoFilter(ApplicationFilterChain.java:193) ~[tomcat-embed-core-10.1.55.jar:10.1.55]
	at org.apache.catalina.core.ApplicationFilterChain.doFilter(ApplicationFilterChain.java:138) ~[tomcat-embed-core-10.1.55.jar:10.1.55]
	at org.apache.tomcat.websocket.server.WsFilter.doFilter(WsFilter.java:51) ~[tomcat-embed-websocket-10.1.55.jar:10.1.55]
	at org.apache.catalina.core.ApplicationFilterChain.internalDoFilter(ApplicationFilterChain.java:162) ~[tomcat-embed-core-10.1.55.jar:10.1.55]
	at org.apache.catalina.core.ApplicationFilterChain.doFilter(ApplicationFilterChain.java:138) ~[tomcat-embed-core-10.1.55.jar:10.1.55]
	at org.springframework.web.filter.RequestContextFilter.doFilterInternal(RequestContextFilter.java:100) ~[spring-web-6.2.19.jar:6.2.19]
	at org.springframework.web.filter.OncePerRequestFilter.doFilter(OncePerRequestFilter.java:116) ~[spring-web-6.2.19.jar:6.2.19]
	at org.apache.catalina.core.ApplicationFilterChain.internalDoFilter(ApplicationFilterChain.java:162) ~[tomcat-embed-core-10.1.55.jar:10.1.55]
	at org.apache.catalina.core.ApplicationFilterChain.doFilter(ApplicationFilterChain.java:138) ~[tomcat-embed-core-10.1.55.jar:10.1.55]
	at org.springframework.web.filter.FormContentFilter.doFilterInternal(FormContentFilter.java:93) ~[spring-web-6.2.19.jar:6.2.19]
	at org.springframework.web.filter.OncePerRequestFilter.doFilter(OncePerRequestFilter.java:116) ~[spring-web-6.2.19.jar:6.2.19]
	at org.apache.catalina.core.ApplicationFilterChain.internalDoFilter(ApplicationFilterChain.java:162) ~[tomcat-embed-core-10.1.55.jar:10.1.55]
	at org.apache.catalina.core.ApplicationFilterChain.doFilter(ApplicationFilterChain.java:138) ~[tomcat-embed-core-10.1.55.jar:10.1.55]
	at org.springframework.web.filter.CharacterEncodingFilter.doFilterInternal(CharacterEncodingFilter.java:201) ~[spring-web-6.2.19.jar:6.2.19]
	at org.springframework.web.filter.OncePerRequestFilter.doFilter(OncePerRequestFilter.java:116) ~[spring-web-6.2.19.jar:6.2.19]
	at org.apache.catalina.core.ApplicationFilterChain.internalDoFilter(ApplicationFilterChain.java:162) ~[tomcat-embed-core-10.1.55.jar:10.1.55]
	at org.apache.catalina.core.ApplicationFilterChain.doFilter(ApplicationFilterChain.java:138) ~[tomcat-embed-core-10.1.55.jar:10.1.55]
	at org.apache.catalina.core.StandardWrapperValve.invoke(StandardWrapperValve.java:165) ~[tomcat-embed-core-10.1.55.jar:10.1.55]
	at org.apache.catalina.core.StandardContextValve.invoke(StandardContextValve.java:88) ~[tomcat-embed-core-10.1.55.jar:10.1.55]
	at org.apache.catalina.authenticator.AuthenticatorBase.invoke(AuthenticatorBase.java:492) ~[tomcat-embed-core-10.1.55.jar:10.1.55]
	at org.apache.catalina.core.StandardHostValve.invoke(StandardHostValve.java:113) ~[tomcat-embed-core-10.1.55.jar:10.1.55]
	at org.apache.catalina.valves.ErrorReportValve.invoke(ErrorReportValve.java:83) ~[tomcat-embed-core-10.1.55.jar:10.1.55]
	at org.apache.catalina.core.StandardEngineValve.invoke(StandardEngineValve.java:72) ~[tomcat-embed-core-10.1.55.jar:10.1.55]
	at org.apache.catalina.connector.CoyoteAdapter.service(CoyoteAdapter.java:342) ~[tomcat-embed-core-10.1.55.jar:10.1.55]
	at org.apache.coyote.http11.Http11Processor.service(Http11Processor.java:399) ~[tomcat-embed-core-10.1.55.jar:10.1.55]
	at org.apache.coyote.AbstractProcessorLight.process(AbstractProcessorLight.java:63) ~[tomcat-embed-core-10.1.55.jar:10.1.55]
	at org.apache.coyote.AbstractProtocol$ConnectionHandler.process(AbstractProtocol.java:1272) ~[tomcat-embed-core-10.1.55.jar:10.1.55]
	at org.apache.tomcat.util.net.NioEndpoint$SocketProcessor.doRun(NioEndpoint.java:1797) ~[tomcat-embed-core-10.1.55.jar:10.1.55]
	at org.apache.tomcat.util.net.SocketProcessorBase.run(SocketProcessorBase.java:52) ~[tomcat-embed-core-10.1.55.jar:10.1.55]
	at org.apache.tomcat.util.threads.ThreadPoolExecutor.runWorker(ThreadPoolExecutor.java:973) ~[tomcat-embed-core-10.1.55.jar:10.1.55]
	at org.apache.tomcat.util.threads.ThreadPoolExecutor$Worker.run(ThreadPoolExecutor.java:491) ~[tomcat-embed-core-10.1.55.jar:10.1.55]
	at org.apache.tomcat.util.threads.TaskThread$WrappingRunnable.run(TaskThread.java:63) ~[tomcat-embed-core-10.1.55.jar:10.1.55]
	at java.base/java.lang.Thread.run(Thread.java:842) ~[na:na]

2026-07-17T01:11:17.655+05:30  INFO 26928 --- [PRODUCT-SERVICE] [SpringApplicationShutdownHook] o.s.c.n.e.s.EurekaServiceRegistry        : Unregistering application PRODUCT-SERVICE with eureka with status DOWN
2026-07-17T01:11:17.658+05:30  INFO 26928 --- [PRODUCT-SERVICE] [SpringApplicationShutdownHook] o.s.b.w.e.tomcat.GracefulShutdown        : Commencing graceful shutdown. Waiting for active requests to complete
2026-07-17T01:11:17.739+05:30  INFO 26928 --- [PRODUCT-SERVICE] [tomcat-shutdown] o.s.b.w.e.tomcat.GracefulShutdown        : Graceful shutdown complete
2026-07-17T01:11:31.193+05:30  INFO 10116 --- [PRODUCT-SERVICE] [main] .s.d.r.c.RepositoryConfigurationDelegate : Multiple Spring Data modules found, entering strict repository configuration mode
2026-07-17T01:11:31.195+05:30  INFO 10116 --- [PRODUCT-SERVICE] [main] .s.d.r.c.RepositoryConfigurationDelegate : Bootstrapping Spring Data MongoDB repositories in DEFAULT mode.
2026-07-17T01:11:31.274+05:30  INFO 10116 --- [PRODUCT-SERVICE] [main] .s.d.r.c.RepositoryConfigurationDelegate : Finished Spring Data repository scanning in 75 ms. Found 1 MongoDB repository interface.
2026-07-17T01:11:31.446+05:30  INFO 10116 --- [PRODUCT-SERVICE] [main] .s.d.r.c.RepositoryConfigurationDelegate : Multiple Spring Data modules found, entering strict repository configuration mode
2026-07-17T01:11:31.447+05:30  INFO 10116 --- [PRODUCT-SERVICE] [main] .s.d.r.c.RepositoryConfigurationDelegate : Bootstrapping Spring Data Redis repositories in DEFAULT mode.
2026-07-17T01:11:31.472+05:30  INFO 10116 --- [PRODUCT-SERVICE] [main] .RepositoryConfigurationExtensionSupport : Spring Data Redis - Could not safely identify store assignment for repository candidate interface com.skt.product_service.repository.ProductRepository; If you want this repository to be a Redis repository, consider annotating your entities with one of these annotations: org.springframework.data.redis.core.RedisHash (preferred), or consider extending one of the following types with your repository: org.springframework.data.keyvalue.repository.KeyValueRepository
2026-07-17T01:11:31.472+05:30  INFO 10116 --- [PRODUCT-SERVICE] [main] .s.d.r.c.RepositoryConfigurationDelegate : Finished Spring Data repository scanning in 17 ms. Found 0 Redis repository interfaces.
2026-07-17T01:11:31.626+05:30  INFO 10116 --- [PRODUCT-SERVICE] [main] o.s.cloud.context.scope.GenericScope     : BeanFactory id=0d5833fb-b5b0-3973-9c79-6d64c81c838c
2026-07-17T01:11:31.880+05:30  INFO 10116 --- [PRODUCT-SERVICE] [main] o.s.b.w.embedded.tomcat.TomcatWebServer  : Tomcat initialized with port 8080 (http)
2026-07-17T01:11:31.941+05:30  INFO 10116 --- [PRODUCT-SERVICE] [main] w.s.c.ServletWebServerApplicationContext : Root WebApplicationContext: initialization completed in 1094 ms
2026-07-17T01:11:32.530+05:30  INFO 10116 --- [PRODUCT-SERVICE] [main] o.s.v.b.OptionalValidatorFactoryBean     : Failed to set up a Bean Validation provider: jakarta.validation.NoProviderFoundException: Unable to create a Configuration, because no Jakarta Bean Validation provider could be found. Add a provider like Hibernate Validator (RI) to your classpath.
2026-07-17T01:11:33.169+05:30  INFO 10116 --- [PRODUCT-SERVICE] [main] DiscoveryClientOptionalArgsConfiguration : Eureka HTTP Client uses RestTemplate.
2026-07-17T01:11:33.198+05:30  WARN 10116 --- [PRODUCT-SERVICE] [main] iguration$LoadBalancerCaffeineWarnLogger : Spring Cloud LoadBalancer is currently working with the default cache. While this cache implementation is useful for development and tests, it's recommended to use Caffeine cache in production.You can switch to using Caffeine cache, by adding it and org.springframework.cache.caffeine.CaffeineCacheManager to the classpath.
2026-07-17T01:11:33.221+05:30  INFO 10116 --- [PRODUCT-SERVICE] [main] o.s.c.n.eureka.InstanceInfoFactory       : Setting initial instance status as: STARTING
2026-07-17T01:11:33.538+05:30  INFO 10116 --- [PRODUCT-SERVICE] [main] o.s.c.n.e.s.EurekaServiceRegistry        : Registering application PRODUCT-SERVICE with eureka with status UP
2026-07-17T01:11:33.562+05:30  INFO 10116 --- [PRODUCT-SERVICE] [main] o.s.b.w.embedded.tomcat.TomcatWebServer  : Tomcat started on port 8080 (http) with context path '/'
2026-07-17T01:11:33.563+05:30  INFO 10116 --- [PRODUCT-SERVICE] [main] .s.c.n.e.s.EurekaAutoServiceRegistration : Updating port to 8080
2026-07-17T01:11:33.979+05:30  INFO 10116 --- [PRODUCT-SERVICE] [http-nio-8080-exec-1] o.s.web.servlet.DispatcherServlet        : Initializing Servlet 'dispatcherServlet'
2026-07-17T01:11:33.980+05:30  INFO 10116 --- [PRODUCT-SERVICE] [http-nio-8080-exec-1] o.s.web.servlet.DispatcherServlet        : Completed initialization in 1 ms
2026-07-17T01:11:34.098+05:30  INFO 10116 --- [PRODUCT-SERVICE] [http-nio-8080-exec-1] c.s.p.service.ProductService             : New LAPTOP Created Successfully with ID: 6a5933ee86fd227309094aaa
2026-07-17T01:11:45.295+05:30  INFO 10116 --- [PRODUCT-SERVICE] [http-nio-8080-exec-2] c.s.p.service.ProductService             : Fetching product from DB for id: 6a5933ee86fd227309094aaa
2026-07-17T01:11:46.708+05:30 ERROR 10116 --- [PRODUCT-SERVICE] [http-nio-8080-exec-4] o.a.c.c.C.[.[.[/].[dispatcherServlet]    : Servlet.service() for servlet [dispatcherServlet] in context with path [] threw exception [Request processing failed: java.lang.ClassCastException: class java.util.LinkedHashMap cannot be cast to class com.skt.product_service.dto.ProductResponse (java.util.LinkedHashMap is in module java.base of loader 'bootstrap'; com.skt.product_service.dto.ProductResponse is in unnamed module of loader 'app')] with root cause

java.lang.ClassCastException: class java.util.LinkedHashMap cannot be cast to class com.skt.product_service.dto.ProductResponse (java.util.LinkedHashMap is in module java.base of loader 'bootstrap'; com.skt.product_service.dto.ProductResponse is in unnamed module of loader 'app')
	at com.skt.product_service.service.ProductService$$SpringCGLIB$$0.getProductById(<generated>) ~[classes/:na]
	at com.skt.product_service.controller.ProductController.getProduct(ProductController.java:62) ~[classes/:na]
	at java.base/jdk.internal.reflect.NativeMethodAccessorImpl.invoke0(Native Method) ~[na:na]
	at java.base/jdk.internal.reflect.NativeMethodAccessorImpl.invoke(NativeMethodAccessorImpl.java:77) ~[na:na]
	at java.base/jdk.internal.reflect.DelegatingMethodAccessorImpl.invoke(DelegatingMethodAccessorImpl.java:43) ~[na:na]
	at java.base/java.lang.reflect.Method.invoke(Method.java:568) ~[na:na]
	at org.springframework.web.method.support.InvocableHandlerMethod.doInvoke(InvocableHandlerMethod.java:258) ~[spring-web-6.2.19.jar:6.2.19]
	at org.springframework.web.method.support.InvocableHandlerMethod.invokeForRequest(InvocableHandlerMethod.java:191) ~[spring-web-6.2.19.jar:6.2.19]
	at org.springframework.web.servlet.mvc.method.annotation.ServletInvocableHandlerMethod.invokeAndHandle(ServletInvocableHandlerMethod.java:118) ~[spring-webmvc-6.2.19.jar:6.2.19]
	at org.springframework.web.servlet.mvc.method.annotation.RequestMappingHandlerAdapter.invokeHandlerMethod(RequestMappingHandlerAdapter.java:991) ~[spring-webmvc-6.2.19.jar:6.2.19]
	at org.springframework.web.servlet.mvc.method.annotation.RequestMappingHandlerAdapter.handleInternal(RequestMappingHandlerAdapter.java:896) ~[spring-webmvc-6.2.19.jar:6.2.19]
	at org.springframework.web.servlet.mvc.method.AbstractHandlerMethodAdapter.handle(AbstractHandlerMethodAdapter.java:87) ~[spring-webmvc-6.2.19.jar:6.2.19]
	at org.springframework.web.servlet.DispatcherServlet.doDispatch(DispatcherServlet.java:1089) ~[spring-webmvc-6.2.19.jar:6.2.19]
	at org.springframework.web.servlet.DispatcherServlet.doService(DispatcherServlet.java:979) ~[spring-webmvc-6.2.19.jar:6.2.19]
	at org.springframework.web.servlet.FrameworkServlet.processRequest(FrameworkServlet.java:1014) ~[spring-webmvc-6.2.19.jar:6.2.19]
	at org.springframework.web.servlet.FrameworkServlet.doGet(FrameworkServlet.java:903) ~[spring-webmvc-6.2.19.jar:6.2.19]
	at jakarta.servlet.http.HttpServlet.service(HttpServlet.java:564) ~[tomcat-embed-core-10.1.55.jar:6.0]
	at org.springframework.web.servlet.FrameworkServlet.service(FrameworkServlet.java:885) ~[spring-webmvc-6.2.19.jar:6.2.19]
	at jakarta.servlet.http.HttpServlet.service(HttpServlet.java:658) ~[tomcat-embed-core-10.1.55.jar:6.0]
	at org.apache.catalina.core.ApplicationFilterChain.internalDoFilter(ApplicationFilterChain.java:193) ~[tomcat-embed-core-10.1.55.jar:10.1.55]
	at org.apache.catalina.core.ApplicationFilterChain.doFilter(ApplicationFilterChain.java:138) ~[tomcat-embed-core-10.1.55.jar:10.1.55]
	at org.apache.tomcat.websocket.server.WsFilter.doFilter(WsFilter.java:51) ~[tomcat-embed-websocket-10.1.55.jar:10.1.55]
	at org.apache.catalina.core.ApplicationFilterChain.internalDoFilter(ApplicationFilterChain.java:162) ~[tomcat-embed-core-10.1.55.jar:10.1.55]
	at org.apache.catalina.core.ApplicationFilterChain.doFilter(ApplicationFilterChain.java:138) ~[tomcat-embed-core-10.1.55.jar:10.1.55]
	at org.springframework.web.filter.RequestContextFilter.doFilterInternal(RequestContextFilter.java:100) ~[spring-web-6.2.19.jar:6.2.19]
	at org.springframework.web.filter.OncePerRequestFilter.doFilter(OncePerRequestFilter.java:116) ~[spring-web-6.2.19.jar:6.2.19]
	at org.apache.catalina.core.ApplicationFilterChain.internalDoFilter(ApplicationFilterChain.java:162) ~[tomcat-embed-core-10.1.55.jar:10.1.55]
	at org.apache.catalina.core.ApplicationFilterChain.doFilter(ApplicationFilterChain.java:138) ~[tomcat-embed-core-10.1.55.jar:10.1.55]
	at org.springframework.web.filter.FormContentFilter.doFilterInternal(FormContentFilter.java:93) ~[spring-web-6.2.19.jar:6.2.19]
	at org.springframework.web.filter.OncePerRequestFilter.doFilter(OncePerRequestFilter.java:116) ~[spring-web-6.2.19.jar:6.2.19]
	at org.apache.catalina.core.ApplicationFilterChain.internalDoFilter(ApplicationFilterChain.java:162) ~[tomcat-embed-core-10.1.55.jar:10.1.55]
	at org.apache.catalina.core.ApplicationFilterChain.doFilter(ApplicationFilterChain.java:138) ~[tomcat-embed-core-10.1.55.jar:10.1.55]
	at org.springframework.web.filter.CharacterEncodingFilter.doFilterInternal(CharacterEncodingFilter.java:201) ~[spring-web-6.2.19.jar:6.2.19]
	at org.springframework.web.filter.OncePerRequestFilter.doFilter(OncePerRequestFilter.java:116) ~[spring-web-6.2.19.jar:6.2.19]
	at org.apache.catalina.core.ApplicationFilterChain.internalDoFilter(ApplicationFilterChain.java:162) ~[tomcat-embed-core-10.1.55.jar:10.1.55]
	at org.apache.catalina.core.ApplicationFilterChain.doFilter(ApplicationFilterChain.java:138) ~[tomcat-embed-core-10.1.55.jar:10.1.55]
	at org.apache.catalina.core.StandardWrapperValve.invoke(StandardWrapperValve.java:165) ~[tomcat-embed-core-10.1.55.jar:10.1.55]
	at org.apache.catalina.core.StandardContextValve.invoke(StandardContextValve.java:88) ~[tomcat-embed-core-10.1.55.jar:10.1.55]
	at org.apache.catalina.authenticator.AuthenticatorBase.invoke(AuthenticatorBase.java:492) ~[tomcat-embed-core-10.1.55.jar:10.1.55]
	at org.apache.catalina.core.StandardHostValve.invoke(StandardHostValve.java:113) ~[tomcat-embed-core-10.1.55.jar:10.1.55]
	at org.apache.catalina.valves.ErrorReportValve.invoke(ErrorReportValve.java:83) ~[tomcat-embed-core-10.1.55.jar:10.1.55]
	at org.apache.catalina.core.StandardEngineValve.invoke(StandardEngineValve.java:72) ~[tomcat-embed-core-10.1.55.jar:10.1.55]
	at org.apache.catalina.connector.CoyoteAdapter.service(CoyoteAdapter.java:342) ~[tomcat-embed-core-10.1.55.jar:10.1.55]
	at org.apache.coyote.http11.Http11Processor.service(Http11Processor.java:399) ~[tomcat-embed-core-10.1.55.jar:10.1.55]
	at org.apache.coyote.AbstractProcessorLight.process(AbstractProcessorLight.java:63) ~[tomcat-embed-core-10.1.55.jar:10.1.55]
	at org.apache.coyote.AbstractProtocol$ConnectionHandler.process(AbstractProtocol.java:1272) ~[tomcat-embed-core-10.1.55.jar:10.1.55]
	at org.apache.tomcat.util.net.NioEndpoint$SocketProcessor.doRun(NioEndpoint.java:1797) ~[tomcat-embed-core-10.1.55.jar:10.1.55]
	at org.apache.tomcat.util.net.SocketProcessorBase.run(SocketProcessorBase.java:52) ~[tomcat-embed-core-10.1.55.jar:10.1.55]
	at org.apache.tomcat.util.threads.ThreadPoolExecutor.runWorker(ThreadPoolExecutor.java:973) ~[tomcat-embed-core-10.1.55.jar:10.1.55]
	at org.apache.tomcat.util.threads.ThreadPoolExecutor$Worker.run(ThreadPoolExecutor.java:491) ~[tomcat-embed-core-10.1.55.jar:10.1.55]
	at org.apache.tomcat.util.threads.TaskThread$WrappingRunnable.run(TaskThread.java:63) ~[tomcat-embed-core-10.1.55.jar:10.1.55]
	at java.base/java.lang.Thread.run(Thread.java:842) ~[na:na]

2026-07-17T01:13:05.879+05:30  INFO 10116 --- [PRODUCT-SERVICE] [SpringApplicationShutdownHook] o.s.c.n.e.s.EurekaServiceRegistry        : Unregistering application PRODUCT-SERVICE with eureka with status DOWN
2026-07-17T01:13:05.882+05:30  INFO 10116 --- [PRODUCT-SERVICE] [SpringApplicationShutdownHook] o.s.b.w.e.tomcat.GracefulShutdown        : Commencing graceful shutdown. Waiting for active requests to complete
2026-07-17T01:13:05.954+05:30  INFO 10116 --- [PRODUCT-SERVICE] [tomcat-shutdown] o.s.b.w.e.tomcat.GracefulShutdown        : Graceful shutdown complete
2026-07-17T01:13:30.410+05:30  INFO 29996 --- [PRODUCT-SERVICE] [main] .s.d.r.c.RepositoryConfigurationDelegate : Multiple Spring Data modules found, entering strict repository configuration mode
2026-07-17T01:13:30.412+05:30  INFO 29996 --- [PRODUCT-SERVICE] [main] .s.d.r.c.RepositoryConfigurationDelegate : Bootstrapping Spring Data MongoDB repositories in DEFAULT mode.
2026-07-17T01:13:30.495+05:30  INFO 29996 --- [PRODUCT-SERVICE] [main] .s.d.r.c.RepositoryConfigurationDelegate : Finished Spring Data repository scanning in 79 ms. Found 1 MongoDB repository interface.
2026-07-17T01:13:30.673+05:30  INFO 29996 --- [PRODUCT-SERVICE] [main] .s.d.r.c.RepositoryConfigurationDelegate : Multiple Spring Data modules found, entering strict repository configuration mode
2026-07-17T01:13:30.674+05:30  INFO 29996 --- [PRODUCT-SERVICE] [main] .s.d.r.c.RepositoryConfigurationDelegate : Bootstrapping Spring Data Redis repositories in DEFAULT mode.
2026-07-17T01:13:30.692+05:30  INFO 29996 --- [PRODUCT-SERVICE] [main] .RepositoryConfigurationExtensionSupport : Spring Data Redis - Could not safely identify store assignment for repository candidate interface com.skt.product_service.repository.ProductRepository; If you want this repository to be a Redis repository, consider annotating your entities with one of these annotations: org.springframework.data.redis.core.RedisHash (preferred), or consider extending one of the following types with your repository: org.springframework.data.keyvalue.repository.KeyValueRepository
2026-07-17T01:13:30.692+05:30  INFO 29996 --- [PRODUCT-SERVICE] [main] .s.d.r.c.RepositoryConfigurationDelegate : Finished Spring Data repository scanning in 11 ms. Found 0 Redis repository interfaces.
2026-07-17T01:13:30.853+05:30  INFO 29996 --- [PRODUCT-SERVICE] [main] o.s.cloud.context.scope.GenericScope     : BeanFactory id=0d5833fb-b5b0-3973-9c79-6d64c81c838c
2026-07-17T01:13:31.097+05:30  INFO 29996 --- [PRODUCT-SERVICE] [main] o.s.b.w.embedded.tomcat.TomcatWebServer  : Tomcat initialized with port 8080 (http)
2026-07-17T01:13:31.157+05:30  INFO 29996 --- [PRODUCT-SERVICE] [main] w.s.c.ServletWebServerApplicationContext : Root WebApplicationContext: initialization completed in 1103 ms
2026-07-17T01:13:31.784+05:30  INFO 29996 --- [PRODUCT-SERVICE] [main] o.s.v.b.OptionalValidatorFactoryBean     : Failed to set up a Bean Validation provider: jakarta.validation.NoProviderFoundException: Unable to create a Configuration, because no Jakarta Bean Validation provider could be found. Add a provider like Hibernate Validator (RI) to your classpath.
2026-07-17T01:13:32.475+05:30  INFO 29996 --- [PRODUCT-SERVICE] [main] DiscoveryClientOptionalArgsConfiguration : Eureka HTTP Client uses RestTemplate.
2026-07-17T01:13:32.503+05:30  WARN 29996 --- [PRODUCT-SERVICE] [main] iguration$LoadBalancerCaffeineWarnLogger : Spring Cloud LoadBalancer is currently working with the default cache. While this cache implementation is useful for development and tests, it's recommended to use Caffeine cache in production.You can switch to using Caffeine cache, by adding it and org.springframework.cache.caffeine.CaffeineCacheManager to the classpath.
2026-07-17T01:13:32.529+05:30  INFO 29996 --- [PRODUCT-SERVICE] [main] o.s.c.n.eureka.InstanceInfoFactory       : Setting initial instance status as: STARTING
2026-07-17T01:13:32.846+05:30  INFO 29996 --- [PRODUCT-SERVICE] [main] o.s.c.n.e.s.EurekaServiceRegistry        : Registering application PRODUCT-SERVICE with eureka with status UP
2026-07-17T01:13:32.865+05:30  INFO 29996 --- [PRODUCT-SERVICE] [main] o.s.b.w.embedded.tomcat.TomcatWebServer  : Tomcat started on port 8080 (http) with context path '/'
2026-07-17T01:13:32.865+05:30  INFO 29996 --- [PRODUCT-SERVICE] [main] .s.c.n.e.s.EurekaAutoServiceRegistration : Updating port to 8080
2026-07-17T01:13:34.156+05:30  INFO 29996 --- [PRODUCT-SERVICE] [http-nio-8080-exec-1] o.s.web.servlet.DispatcherServlet        : Initializing Servlet 'dispatcherServlet'
2026-07-17T01:13:34.157+05:30  INFO 29996 --- [PRODUCT-SERVICE] [http-nio-8080-exec-1] o.s.web.servlet.DispatcherServlet        : Completed initialization in 1 ms
2026-07-17T01:13:34.260+05:30  INFO 29996 --- [PRODUCT-SERVICE] [http-nio-8080-exec-1] c.s.p.service.ProductService             : New LAPTOP Created Successfully with ID: 6a5934661486faf8033eaf73
2026-07-17T01:13:45.296+05:30  INFO 29996 --- [PRODUCT-SERVICE] [http-nio-8080-exec-2] c.s.p.service.ProductService             : Fetching product from DB for id: 6a5934661486faf8033eaf73
2026-07-17T01:13:46.770+05:30 ERROR 29996 --- [PRODUCT-SERVICE] [http-nio-8080-exec-3] o.a.c.c.C.[.[.[/].[dispatcherServlet]    : Servlet.service() for servlet [dispatcherServlet] in context with path [] threw exception [Request processing failed: org.springframework.data.redis.serializer.SerializationException: Could not read JSON:Could not resolve subtype of [simple type, class java.lang.Object]: missing type id property '@class'
 at [Source: REDACTED (`StreamReadFeature.INCLUDE_SOURCE_IN_LOCATION` disabled); line: 1, column: 262] ] with root cause

com.fasterxml.jackson.databind.exc.InvalidTypeIdException: Could not resolve subtype of [simple type, class java.lang.Object]: missing type id property '@class'
 at [Source: REDACTED (`StreamReadFeature.INCLUDE_SOURCE_IN_LOCATION` disabled); line: 1, column: 262]
	at com.fasterxml.jackson.databind.exc.InvalidTypeIdException.from(InvalidTypeIdException.java:43) ~[jackson-databind-2.21.4.jar:2.21.4]
	at com.fasterxml.jackson.databind.DeserializationContext.missingTypeIdException(DeserializationContext.java:2098) ~[jackson-databind-2.21.4.jar:2.21.4]
	at com.fasterxml.jackson.databind.DeserializationContext.handleMissingTypeId(DeserializationContext.java:1669) ~[jackson-databind-2.21.4.jar:2.21.4]
	at com.fasterxml.jackson.databind.jsontype.impl.TypeDeserializerBase._handleMissingTypeId(TypeDeserializerBase.java:308) ~[jackson-databind-2.21.4.jar:2.21.4]
	at com.fasterxml.jackson.databind.jsontype.impl.AsPropertyTypeDeserializer._deserializeTypedUsingDefaultImpl(AsPropertyTypeDeserializer.java:210) ~[jackson-databind-2.21.4.jar:2.21.4]
	at com.fasterxml.jackson.databind.jsontype.impl.AsPropertyTypeDeserializer.deserializeTypedFromObject(AsPropertyTypeDeserializer.java:144) ~[jackson-databind-2.21.4.jar:2.21.4]
	at com.fasterxml.jackson.databind.jsontype.impl.AsPropertyTypeDeserializer.deserializeTypedFromAny(AsPropertyTypeDeserializer.java:239) ~[jackson-databind-2.21.4.jar:2.21.4]
	at com.fasterxml.jackson.databind.deser.std.UntypedObjectDeserializerNR.deserializeWithType(UntypedObjectDeserializerNR.java:111) ~[jackson-databind-2.21.4.jar:2.21.4]
	at com.fasterxml.jackson.databind.deser.impl.TypeWrappedDeserializer.deserialize(TypeWrappedDeserializer.java:74) ~[jackson-databind-2.21.4.jar:2.21.4]
	at com.fasterxml.jackson.databind.deser.DefaultDeserializationContext.readRootValue(DefaultDeserializationContext.java:342) ~[jackson-databind-2.21.4.jar:2.21.4]
	at com.fasterxml.jackson.databind.ObjectMapper._readMapAndClose(ObjectMapper.java:5052) ~[jackson-databind-2.21.4.jar:2.21.4]
	at com.fasterxml.jackson.databind.ObjectMapper.readValue(ObjectMapper.java:4056) ~[jackson-databind-2.21.4.jar:2.21.4]
	at org.springframework.data.redis.serializer.JacksonObjectReader.lambda$create$0(JacksonObjectReader.java:54) ~[spring-data-redis-3.5.12.jar:3.5.12]
	at org.springframework.data.redis.serializer.GenericJackson2JsonRedisSerializer.deserialize(GenericJackson2JsonRedisSerializer.java:309) ~[spring-data-redis-3.5.12.jar:3.5.12]
	at org.springframework.data.redis.serializer.GenericJackson2JsonRedisSerializer.deserialize(GenericJackson2JsonRedisSerializer.java:281) ~[spring-data-redis-3.5.12.jar:3.5.12]
	at org.springframework.data.redis.serializer.DefaultRedisElementReader.read(DefaultRedisElementReader.java:46) ~[spring-data-redis-3.5.12.jar:3.5.12]
	at org.springframework.data.redis.serializer.RedisSerializationContext$SerializationPair.read(RedisSerializationContext.java:277) ~[spring-data-redis-3.5.12.jar:3.5.12]
	at org.springframework.data.redis.cache.RedisCache.deserializeCacheValue(RedisCache.java:361) ~[spring-data-redis-3.5.12.jar:3.5.12]
	at org.springframework.data.redis.cache.RedisCache.lookup(RedisCache.java:187) ~[spring-data-redis-3.5.12.jar:3.5.12]
	at org.springframework.cache.support.AbstractValueAdaptingCache.get(AbstractValueAdaptingCache.java:58) ~[spring-context-6.2.19.jar:6.2.19]
	at org.springframework.cache.interceptor.AbstractCacheInvoker.doGet(AbstractCacheInvoker.java:78) ~[spring-context-6.2.19.jar:6.2.19]
	at org.springframework.cache.interceptor.CacheAspectSupport.findInCaches(CacheAspectSupport.java:576) ~[spring-context-6.2.19.jar:6.2.19]
	at org.springframework.cache.interceptor.CacheAspectSupport.findCachedValue(CacheAspectSupport.java:525) ~[spring-context-6.2.19.jar:6.2.19]
	at org.springframework.cache.interceptor.CacheAspectSupport.execute(CacheAspectSupport.java:448) ~[spring-context-6.2.19.jar:6.2.19]
	at org.springframework.cache.interceptor.CacheAspectSupport.execute(CacheAspectSupport.java:412) ~[spring-context-6.2.19.jar:6.2.19]
	at org.springframework.cache.interceptor.CacheInterceptor.invoke(CacheInterceptor.java:65) ~[spring-context-6.2.19.jar:6.2.19]
	at org.springframework.aop.framework.ReflectiveMethodInvocation.proceed(ReflectiveMethodInvocation.java:184) ~[spring-aop-6.2.19.jar:6.2.19]
	at org.springframework.aop.framework.CglibAopProxy$DynamicAdvisedInterceptor.intercept(CglibAopProxy.java:728) ~[spring-aop-6.2.19.jar:6.2.19]
	at com.skt.product_service.service.ProductService$$SpringCGLIB$$0.getProductById(<generated>) ~[classes/:na]
	at com.skt.product_service.controller.ProductController.getProduct(ProductController.java:62) ~[classes/:na]
	at java.base/jdk.internal.reflect.NativeMethodAccessorImpl.invoke0(Native Method) ~[na:na]
	at java.base/jdk.internal.reflect.NativeMethodAccessorImpl.invoke(NativeMethodAccessorImpl.java:77) ~[na:na]
	at java.base/jdk.internal.reflect.DelegatingMethodAccessorImpl.invoke(DelegatingMethodAccessorImpl.java:43) ~[na:na]
	at java.base/java.lang.reflect.Method.invoke(Method.java:568) ~[na:na]
	at org.springframework.web.method.support.InvocableHandlerMethod.doInvoke(InvocableHandlerMethod.java:258) ~[spring-web-6.2.19.jar:6.2.19]
	at org.springframework.web.method.support.InvocableHandlerMethod.invokeForRequest(InvocableHandlerMethod.java:191) ~[spring-web-6.2.19.jar:6.2.19]
	at org.springframework.web.servlet.mvc.method.annotation.ServletInvocableHandlerMethod.invokeAndHandle(ServletInvocableHandlerMethod.java:118) ~[spring-webmvc-6.2.19.jar:6.2.19]
	at org.springframework.web.servlet.mvc.method.annotation.RequestMappingHandlerAdapter.invokeHandlerMethod(RequestMappingHandlerAdapter.java:991) ~[spring-webmvc-6.2.19.jar:6.2.19]
	at org.springframework.web.servlet.mvc.method.annotation.RequestMappingHandlerAdapter.handleInternal(RequestMappingHandlerAdapter.java:896) ~[spring-webmvc-6.2.19.jar:6.2.19]
	at org.springframework.web.servlet.mvc.method.AbstractHandlerMethodAdapter.handle(AbstractHandlerMethodAdapter.java:87) ~[spring-webmvc-6.2.19.jar:6.2.19]
	at org.springframework.web.servlet.DispatcherServlet.doDispatch(DispatcherServlet.java:1089) ~[spring-webmvc-6.2.19.jar:6.2.19]
	at org.springframework.web.servlet.DispatcherServlet.doService(DispatcherServlet.java:979) ~[spring-webmvc-6.2.19.jar:6.2.19]
	at org.springframework.web.servlet.FrameworkServlet.processRequest(FrameworkServlet.java:1014) ~[spring-webmvc-6.2.19.jar:6.2.19]
	at org.springframework.web.servlet.FrameworkServlet.doGet(FrameworkServlet.java:903) ~[spring-webmvc-6.2.19.jar:6.2.19]
	at jakarta.servlet.http.HttpServlet.service(HttpServlet.java:564) ~[tomcat-embed-core-10.1.55.jar:6.0]
	at org.springframework.web.servlet.FrameworkServlet.service(FrameworkServlet.java:885) ~[spring-webmvc-6.2.19.jar:6.2.19]
	at jakarta.servlet.http.HttpServlet.service(HttpServlet.java:658) ~[tomcat-embed-core-10.1.55.jar:6.0]
	at org.apache.catalina.core.ApplicationFilterChain.internalDoFilter(ApplicationFilterChain.java:193) ~[tomcat-embed-core-10.1.55.jar:10.1.55]
	at org.apache.catalina.core.ApplicationFilterChain.doFilter(ApplicationFilterChain.java:138) ~[tomcat-embed-core-10.1.55.jar:10.1.55]
	at org.apache.tomcat.websocket.server.WsFilter.doFilter(WsFilter.java:51) ~[tomcat-embed-websocket-10.1.55.jar:10.1.55]
	at org.apache.catalina.core.ApplicationFilterChain.internalDoFilter(ApplicationFilterChain.java:162) ~[tomcat-embed-core-10.1.55.jar:10.1.55]
	at org.apache.catalina.core.ApplicationFilterChain.doFilter(ApplicationFilterChain.java:138) ~[tomcat-embed-core-10.1.55.jar:10.1.55]
	at org.springframework.web.filter.RequestContextFilter.doFilterInternal(RequestContextFilter.java:100) ~[spring-web-6.2.19.jar:6.2.19]
	at org.springframework.web.filter.OncePerRequestFilter.doFilter(OncePerRequestFilter.java:116) ~[spring-web-6.2.19.jar:6.2.19]
	at org.apache.catalina.core.ApplicationFilterChain.internalDoFilter(ApplicationFilterChain.java:162) ~[tomcat-embed-core-10.1.55.jar:10.1.55]
	at org.apache.catalina.core.ApplicationFilterChain.doFilter(ApplicationFilterChain.java:138) ~[tomcat-embed-core-10.1.55.jar:10.1.55]
	at org.springframework.web.filter.FormContentFilter.doFilterInternal(FormContentFilter.java:93) ~[spring-web-6.2.19.jar:6.2.19]
	at org.springframework.web.filter.OncePerRequestFilter.doFilter(OncePerRequestFilter.java:116) ~[spring-web-6.2.19.jar:6.2.19]
	at org.apache.catalina.core.ApplicationFilterChain.internalDoFilter(ApplicationFilterChain.java:162) ~[tomcat-embed-core-10.1.55.jar:10.1.55]
	at org.apache.catalina.core.ApplicationFilterChain.doFilter(ApplicationFilterChain.java:138) ~[tomcat-embed-core-10.1.55.jar:10.1.55]
	at org.springframework.web.filter.CharacterEncodingFilter.doFilterInternal(CharacterEncodingFilter.java:201) ~[spring-web-6.2.19.jar:6.2.19]
	at org.springframework.web.filter.OncePerRequestFilter.doFilter(OncePerRequestFilter.java:116) ~[spring-web-6.2.19.jar:6.2.19]
	at org.apache.catalina.core.ApplicationFilterChain.internalDoFilter(ApplicationFilterChain.java:162) ~[tomcat-embed-core-10.1.55.jar:10.1.55]
	at org.apache.catalina.core.ApplicationFilterChain.doFilter(ApplicationFilterChain.java:138) ~[tomcat-embed-core-10.1.55.jar:10.1.55]
	at org.apache.catalina.core.StandardWrapperValve.invoke(StandardWrapperValve.java:165) ~[tomcat-embed-core-10.1.55.jar:10.1.55]
	at org.apache.catalina.core.StandardContextValve.invoke(StandardContextValve.java:88) ~[tomcat-embed-core-10.1.55.jar:10.1.55]
	at org.apache.catalina.authenticator.AuthenticatorBase.invoke(AuthenticatorBase.java:492) ~[tomcat-embed-core-10.1.55.jar:10.1.55]
	at org.apache.catalina.core.StandardHostValve.invoke(StandardHostValve.java:113) ~[tomcat-embed-core-10.1.55.jar:10.1.55]
	at org.apache.catalina.valves.ErrorReportValve.invoke(ErrorReportValve.java:83) ~[tomcat-embed-core-10.1.55.jar:10.1.55]
	at org.apache.catalina.core.StandardEngineValve.invoke(StandardEngineValve.java:72) ~[tomcat-embed-core-10.1.55.jar:10.1.55]
	at org.apache.catalina.connector.CoyoteAdapter.service(CoyoteAdapter.java:342) ~[tomcat-embed-core-10.1.55.jar:10.1.55]
	at org.apache.coyote.http11.Http11Processor.service(Http11Processor.java:399) ~[tomcat-embed-core-10.1.55.jar:10.1.55]
	at org.apache.coyote.AbstractProcessorLight.process(AbstractProcessorLight.java:63) ~[tomcat-embed-core-10.1.55.jar:10.1.55]
	at org.apache.coyote.AbstractProtocol$ConnectionHandler.process(AbstractProtocol.java:1272) ~[tomcat-embed-core-10.1.55.jar:10.1.55]
	at org.apache.tomcat.util.net.NioEndpoint$SocketProcessor.doRun(NioEndpoint.java:1797) ~[tomcat-embed-core-10.1.55.jar:10.1.55]
	at org.apache.tomcat.util.net.SocketProcessorBase.run(SocketProcessorBase.java:52) ~[tomcat-embed-core-10.1.55.jar:10.1.55]
	at org.apache.tomcat.util.threads.ThreadPoolExecutor.runWorker(ThreadPoolExecutor.java:973) ~[tomcat-embed-core-10.1.55.jar:10.1.55]
	at org.apache.tomcat.util.threads.ThreadPoolExecutor$Worker.run(ThreadPoolExecutor.java:491) ~[tomcat-embed-core-10.1.55.jar:10.1.55]
	at org.apache.tomcat.util.threads.TaskThread$WrappingRunnable.run(TaskThread.java:63) ~[tomcat-embed-core-10.1.55.jar:10.1.55]
	at java.base/java.lang.Thread.run(Thread.java:842) ~[na:na]

2026-07-17T01:15:32.939+05:30  INFO 29996 --- [PRODUCT-SERVICE] [SpringApplicationShutdownHook] o.s.c.n.e.s.EurekaServiceRegistry        : Unregistering application PRODUCT-SERVICE with eureka with status DOWN
2026-07-17T01:15:32.942+05:30  INFO 29996 --- [PRODUCT-SERVICE] [SpringApplicationShutdownHook] o.s.b.w.e.tomcat.GracefulShutdown        : Commencing graceful shutdown. Waiting for active requests to complete
2026-07-17T01:15:33.015+05:30  INFO 29996 --- [PRODUCT-SERVICE] [tomcat-shutdown] o.s.b.w.e.tomcat.GracefulShutdown        : Graceful shutdown complete
2026-07-17T01:16:16.998+05:30  INFO 30012 --- [PRODUCT-SERVICE] [main] .s.d.r.c.RepositoryConfigurationDelegate : Multiple Spring Data modules found, entering strict repository configuration mode
2026-07-17T01:16:17.000+05:30  INFO 30012 --- [PRODUCT-SERVICE] [main] .s.d.r.c.RepositoryConfigurationDelegate : Bootstrapping Spring Data MongoDB repositories in DEFAULT mode.
2026-07-17T01:16:17.086+05:30  INFO 30012 --- [PRODUCT-SERVICE] [main] .s.d.r.c.RepositoryConfigurationDelegate : Finished Spring Data repository scanning in 82 ms. Found 1 MongoDB repository interface.
2026-07-17T01:16:17.269+05:30  INFO 30012 --- [PRODUCT-SERVICE] [main] .s.d.r.c.RepositoryConfigurationDelegate : Multiple Spring Data modules found, entering strict repository configuration mode
2026-07-17T01:16:17.271+05:30  INFO 30012 --- [PRODUCT-SERVICE] [main] .s.d.r.c.RepositoryConfigurationDelegate : Bootstrapping Spring Data Redis repositories in DEFAULT mode.
2026-07-17T01:16:17.289+05:30  INFO 30012 --- [PRODUCT-SERVICE] [main] .RepositoryConfigurationExtensionSupport : Spring Data Redis - Could not safely identify store assignment for repository candidate interface com.skt.product_service.repository.ProductRepository; If you want this repository to be a Redis repository, consider annotating your entities with one of these annotations: org.springframework.data.redis.core.RedisHash (preferred), or consider extending one of the following types with your repository: org.springframework.data.keyvalue.repository.KeyValueRepository
2026-07-17T01:16:17.290+05:30  INFO 30012 --- [PRODUCT-SERVICE] [main] .s.d.r.c.RepositoryConfigurationDelegate : Finished Spring Data repository scanning in 12 ms. Found 0 Redis repository interfaces.
2026-07-17T01:16:17.456+05:30  INFO 30012 --- [PRODUCT-SERVICE] [main] o.s.cloud.context.scope.GenericScope     : BeanFactory id=0d5833fb-b5b0-3973-9c79-6d64c81c838c
2026-07-17T01:16:17.716+05:30  INFO 30012 --- [PRODUCT-SERVICE] [main] o.s.b.w.embedded.tomcat.TomcatWebServer  : Tomcat initialized with port 8080 (http)
2026-07-17T01:16:17.777+05:30  INFO 30012 --- [PRODUCT-SERVICE] [main] w.s.c.ServletWebServerApplicationContext : Root WebApplicationContext: initialization completed in 1133 ms
2026-07-17T01:16:18.406+05:30  INFO 30012 --- [PRODUCT-SERVICE] [main] o.s.v.b.OptionalValidatorFactoryBean     : Failed to set up a Bean Validation provider: jakarta.validation.NoProviderFoundException: Unable to create a Configuration, because no Jakarta Bean Validation provider could be found. Add a provider like Hibernate Validator (RI) to your classpath.
2026-07-17T01:16:19.048+05:30  INFO 30012 --- [PRODUCT-SERVICE] [main] DiscoveryClientOptionalArgsConfiguration : Eureka HTTP Client uses RestTemplate.
2026-07-17T01:16:19.074+05:30  WARN 30012 --- [PRODUCT-SERVICE] [main] iguration$LoadBalancerCaffeineWarnLogger : Spring Cloud LoadBalancer is currently working with the default cache. While this cache implementation is useful for development and tests, it's recommended to use Caffeine cache in production.You can switch to using Caffeine cache, by adding it and org.springframework.cache.caffeine.CaffeineCacheManager to the classpath.
2026-07-17T01:16:19.093+05:30  INFO 30012 --- [PRODUCT-SERVICE] [main] o.s.c.n.eureka.InstanceInfoFactory       : Setting initial instance status as: STARTING
2026-07-17T01:16:19.381+05:30  INFO 30012 --- [PRODUCT-SERVICE] [main] o.s.c.n.e.s.EurekaServiceRegistry        : Registering application PRODUCT-SERVICE with eureka with status UP
2026-07-17T01:16:19.399+05:30  INFO 30012 --- [PRODUCT-SERVICE] [main] o.s.b.w.embedded.tomcat.TomcatWebServer  : Tomcat started on port 8080 (http) with context path '/'
2026-07-17T01:16:19.400+05:30  INFO 30012 --- [PRODUCT-SERVICE] [main] .s.c.n.e.s.EurekaAutoServiceRegistration : Updating port to 8080
2026-07-17T01:16:30.042+05:30  INFO 30012 --- [PRODUCT-SERVICE] [http-nio-8080-exec-1] o.s.web.servlet.DispatcherServlet        : Initializing Servlet 'dispatcherServlet'
2026-07-17T01:16:30.045+05:30  INFO 30012 --- [PRODUCT-SERVICE] [http-nio-8080-exec-1] o.s.web.servlet.DispatcherServlet        : Completed initialization in 2 ms
2026-07-17T01:16:30.405+05:30  INFO 30012 --- [PRODUCT-SERVICE] [http-nio-8080-exec-1] c.s.p.service.ProductService             : Fetching product from DB for id: 6a5934661486faf8033eaf73
